﻿<?xml version="1.0" encoding="utf-8"?>
<LS3D>
  <ROOT>
    <edit D="\!2k_games\scotch\edit" />
    <res D="\!2k_games\scotch\resources\graphics" />
  </ROOT>
  <FBX>
    <import D="\!2k_games\scotch_dev\exported" />
    <export C="\Users\Rene.baca\Documents\3dsMax\export" />
  </FBX>
  <SELECTION>
    <perforce_path val="8" />
  </SELECTION>
  <PERFORCE>
    <loc_1 val="models\cine\generic" />
    <loc_2 val="models\env_location\_lh\lh_loc_sarahs_apartment" />
    <loc_3 val="models\env_generic\_lh\country_side" />
    <loc_4 val="models\env_generic\_lh\interior_props\" />
    <loc_5 val="models\city\lost_heaven\08_oakwood" />
    <loc_6 val="models\cine\cine_1160" />
    <loc_7 val="missions\_test_rene" />
    <loc_8 val="models\city\lost_heaven\districts\lh_10_countryside" />
  </PERFORCE>
</LS3D>