﻿<?xml version="1.0" encoding="utf-8"?>
<SKELETON>
  <BonesMatchPatern>
    <fl_Hips val="Hips" />
    <fl_Spine val="Spine" />
    <fl_Spine1 val="Spine1" />
    <fl_Spine2 val="Spine2" />
    <fl_Spine3 val="Spine3" />
    <fl_Spine4 val="Spine4" />
    <fl_Neck val="Neck" />
    <fl_Head val="Head" />
    <fl_brow_out_R val="Brow2R" />
    <fl_brow_in_R val="Brow1R" />
    <fl_blink01_upper_R val="Up_LidR" />
    <fl_blink01_lower_R val="Lo_LidR" />
    <fl_cheekbone_R val="Up_CheekR" />
    <fl_nose_R val="NostrilR" />
    <fl_cheek_R val="CheekR" />
    <fl_lips_midle_R val="MCornerR" />
    <fl_lips_up_R val="Up_MLipR" />
    <fl_lips_down_R val="Lo_MLipR" />
    <fl_brow_out_L val="Brow2L" />
    <fl_brow_in_L val="Brow1L" />
    <fl_blink01_upper_L val="Up_LidL" />
    <fl_blink01_lower_L val="Lo_LidL" />
    <fl_cheekbone_L val="Up_CheekL" />
    <fl_nose_L val="NostrilL" />
    <fl_cheek_L val="CheekL" />
    <fl_lips_midle_L val="MCornerL" />
    <fl_lips_up_L val="Up_MLipL" />
    <fl_lips_down_L val="Lo_MLipL" />
    <fl_lips_middle_down val="Lo_MLip" />
    <fl_lips_middle_up val="Up_MLip" />
    <fl_gathers val="Gathers" />
    <fl_nose val="Nose" />
    <fl_jaw val="Jaw" />
    <fl_LeftShoulder val="LeftShoulder" />
    <fl_LeftArm val="LeftArm" />
    <fl_LeftArmRoll val="LeftArmRoll" />
    <fl_LeftForeArm val="LeftForeArm" />
    <fl_LeftForeArmRoll val="LeftForeArmRoll" />
    <fl_LeftHand val="LeftHand" />
    <fl_LeftHandThumb1 val="LeftHandThumb1" />
    <fl_LeftHandThumb2 val="LeftHandThumb2" />
    <fl_LeftHandThumb3 val="LeftHandThumb3" />
    <fl_LeftInHandIndex val="LeftInHandIndex" />
    <fl_LeftHandIndex1 val="LeftHandIndex1" />
    <fl_LeftHandIndex2 val="LeftHandIndex2" />
    <fl_LeftHandIndex3 val="LeftHandIndex3" />
    <fl_LeftHandMiddle1 val="LeftHandMiddle1" />
    <fl_LeftHandMiddle2 val="LeftHandMiddle2" />
    <fl_LeftHandMiddle3 val="LeftHandMiddle3" />
    <fl_LeftHandRing1 val="LeftHandRing1" />
    <fl_LeftHandRing2 val="LeftHandRing2" />
    <fl_LeftHandRing3 val="LeftHandRing3" />
    <fl_LeftInHandPinky val="LeftInHandPinky" />
    <fl_LeftHandPinky1 val="LeftHandPinky1" />
    <fl_LeftHandPinky2 val="LeftHandPinky2" />
    <fl_LeftHandPinky3 val="LeftHandPinky3" />
    <fl_LeftUpLeg val="LeftUpLeg" />
    <fl_LeftUpLegRoll val="LeftUpLegRoll" />
    <fl_LeftLeg val="LeftLeg" />
    <fl_LeftFoot val="LeftFoot" />
    <fl_LeftToeBase val="LeftToeBase" />
    <fl_RightShoulder val="RightShoulder" />
    <fl_RightArm val="RightArm" />
    <fl_RightArmRoll val="RightArmRoll" />
    <fl_RightForeArm val="RightForeArm" />
    <fl_RightForeArmRoll val="RightForeArmRoll" />
    <fl_RightHand val="RightHand" />
    <fl_RightHandThumb1 val="RightHandThumb1" />
    <fl_RightHandThumb2 val="RightHandThumb2" />
    <fl_RightHandThumb3 val="RightHandThumb3" />
    <fl_RightInHandIndex val="RightInHandIndex" />
    <fl_RightHandIndex1 val="RightHandIndex1" />
    <fl_RightHandIndex2 val="RightHandIndex2" />
    <fl_RightHandIndex3 val="RightHandIndex3" />
    <fl_RightHandMiddle1 val="RightHandMiddle1" />
    <fl_RightHandMiddle2 val="RightHandMiddle2" />
    <fl_RightHandMiddle3 val="RightHandMiddle3" />
    <fl_RightHandRing1 val="RightHandRing1" />
    <fl_RightHandRing2 val="RightHandRing2" />
    <fl_RightHandRing3 val="RightHandRing3" />
    <fl_RightInHandPinky val="RightInHandPinky" />
    <fl_RightHandPinky1 val="RightHandPinky1" />
    <fl_RightHandPinky2 val="RightHandPinky2" />
    <fl_RightHandPinky3 val="RightHandPinky3" />
    <fl_RightUpLeg val="RightUpLeg" />
    <fl_RightUpLegRoll val="RightUpLegRoll" />
    <fl_RightLeg val="RightLeg" />
    <fl_RightFoot val="RightFoot" />
    <fl_RightToeBase val="RightToeBase" />
  </BonesMatchPatern>
  <Body>
    <fl_Hips val="" />
    <fl_Spine val="" />
    <fl_Spine1 val="" />
    <fl_Spine2 val="" />
    <fl_Spine3 val="" />
    <fl_Spine4 val="" />
    <fl_Neck val="" />
    <fl_Head val="" />
    <fl_LeftShoulder val="" />
    <fl_LeftArm val="" />
    <fl_LeftArmRoll val="" />
    <fl_LeftForeArm val="" />
    <fl_LeftForeArmRoll val="" />
    <fl_LeftHand val="" />
    <fl_LeftUpLeg val="" />
    <fl_LeftUpLegRoll val="" />
    <fl_LeftLeg val="" />
    <fl_LeftFoot val="" />
    <fl_LeftToeBase val="" />
    <fl_RightShoulder val="" />
    <fl_RightArm val="" />
    <fl_RightArmRoll val="" />
    <fl_RightForeArm val="" />
    <fl_RightForeArmRoll val="" />
    <fl_RightHand val="" />
    <fl_RightUpLeg val="" />
    <fl_RightUpLegRoll val="" />
    <fl_RightLeg val="" />
    <fl_RightFoot val="" />
    <fl_RightToeBase val="" />
  </Body>
  <Dummys>
    <fl_Hat val="" />
    <fl_Hair val="" />
    <fl_L_Sleeve val="" />
    <fl_L_LegSleeve val="" />
    <fl_R_Sleeve val="" />
    <fl_R_LegSleeve val="" />
  </Dummys>
  <Mirror>
    <Shoulder val="" />
    <Arm val="" />
    <ArmRoll val="" />
    <ForeArm val="" />
    <ForeArmRoll val="" />
    <Hand val="" />
    <HandThumb1 val="" />
    <HandThumb2 val="" />
    <HandThumb3 val="" />
    <InHandIndex val="" />
    <HandIndex1 val="" />
    <HandIndex2 val="" />
    <HandIndex3 val="" />
    <HandMiddle1 val="" />
    <HandMiddle2 val="" />
    <HandMiddle3 val="" />
    <HandRing1 val="" />
    <HandRing2 val="" />
    <HandRing3 val="" />
    <InHandPinky val="" />
    <HandPinky1 val="" />
    <HandPinky2 val="" />
    <HandPinky3 val="" />
    <Sleeve val="" />
    <LegSleeve val="" />
    <UpLeg val="" />
    <UpLegRoll val="" />
    <Leg val="" />
    <Foot val="" />
    <ToeBase val="" />
  </Mirror>
  <Face>
    <fl_brow_out_R val="" />
    <fl_brow_in_R val="" />
    <fl_blink01_upper_R val="" />
    <fl_blink01_lower_R val="" />
    <fl_cheekbone_R val="" />
    <fl_nose_R val="" />
    <fl_cheek_R val="" />
    <fl_lips_midle_R val="" />
    <fl_lips_up_R val="" />
    <fl_lips_down_R val="" />
    <fl_brow_out_L val="" />
    <fl_brow_in_L val="" />
    <fl_blink01_upper_L val="" />
    <fl_blink01_lower_L val="" />
    <fl_cheekbone_L val="" />
    <fl_nose_L val="" />
    <fl_cheek_L val="" />
    <fl_lips_midle_L val="" />
    <fl_lips_up_L val="" />
    <fl_lips_down_L val="" />
    <fl_lips_middle_down val="" />
    <fl_lips_middle_up val="" />
    <fl_nose val="" />
    <fl_jaw val="" />
  </Face>
  <HandL>
    <fl_LeftHand val="" />
    <fl_LeftHandThumb1 val="" />
    <fl_LeftHandThumb2 val="" />
    <fl_LeftHandThumb3 val="" />
    <fl_LeftInHandIndex val="" />
    <fl_LeftHandIndex1 val="" />
    <fl_LeftHandIndex2 val="" />
    <fl_LeftHandIndex3 val="" />
    <fl_LeftHandMiddle1 val="" />
    <fl_LeftHandMiddle2 val="" />
    <fl_LeftHandMiddle3 val="" />
    <fl_LeftHandRing1 val="" />
    <fl_LeftHandRing2 val="" />
    <fl_LeftHandRing3 val="" />
    <fl_LeftInHandPinky val="" />
    <fl_LeftHandPinky1 val="" />
    <fl_LeftHandPinky2 val="" />
    <fl_LeftHandPinky3 val="" />
  </HandL>
  <HandR>
    <fl_RightHand val="" />
    <fl_RightHandThumb1 val="" />
    <fl_RightHandThumb2 val="" />
    <fl_RightHandThumb3 val="" />
    <fl_RightInHandIndex val="" />
    <fl_RightHandIndex1 val="" />
    <fl_RightHandIndex2 val="" />
    <fl_RightHandIndex3 val="" />
    <fl_RightHandMiddle1 val="" />
    <fl_RightHandMiddle2 val="" />
    <fl_RightHandMiddle3 val="" />
    <fl_RightHandRing1 val="" />
    <fl_RightHandRing2 val="" />
    <fl_RightHandRing3 val="" />
    <fl_RightInHandPinky val="" />
    <fl_RightHandPinky1 val="" />
    <fl_RightHandPinky2 val="" />
    <fl_RightHandPinky3 val="" />
  </HandR>
  <Hands>
    <fl_LeftHand val="" />
    <fl_LeftHandThumb1 val="" />
    <fl_LeftHandThumb2 val="" />
    <fl_LeftHandThumb3 val="" />
    <fl_LeftInHandIndex val="" />
    <fl_LeftHandIndex1 val="" />
    <fl_LeftHandIndex2 val="" />
    <fl_LeftHandIndex3 val="" />
    <fl_LeftHandMiddle1 val="" />
    <fl_LeftHandMiddle2 val="" />
    <fl_LeftHandMiddle3 val="" />
    <fl_LeftHandRing1 val="" />
    <fl_LeftHandRing2 val="" />
    <fl_LeftHandRing3 val="" />
    <fl_LeftInHandPinky val="" />
    <fl_LeftHandPinky1 val="" />
    <fl_LeftHandPinky2 val="" />
    <fl_LeftHandPinky3 val="" />
    <fl_RightHand val="" />
    <fl_RightHandThumb1 val="" />
    <fl_RightHandThumb2 val="" />
    <fl_RightHandThumb3 val="" />
    <fl_RightInHandIndex val="" />
    <fl_RightHandIndex1 val="" />
    <fl_RightHandIndex2 val="" />
    <fl_RightHandIndex3 val="" />
    <fl_RightHandMiddle1 val="" />
    <fl_RightHandMiddle2 val="" />
    <fl_RightHandMiddle3 val="" />
    <fl_RightHandRing1 val="" />
    <fl_RightHandRing2 val="" />
    <fl_RightHandRing3 val="" />
    <fl_RightInHandPinky val="" />
    <fl_RightHandPinky1 val="" />
    <fl_RightHandPinky2 val="" />
    <fl_RightHandPinky3 val="" />
  </Hands>
</SKELETON>