<NotepadPlus>
    <UserLang name="MaxScript" ext="ms mcr" udlVersion="2.1">
        <Settings>
            <Global caseIgnored="yes" allowFoldOfComments="no" foldCompact="yes" forcePureLC="0" decimalSeparator="2" />
            <Prefix Keywords1="no" Keywords2="no" Keywords3="no" Keywords4="no" Keywords5="yes" Keywords6="yes" Keywords7="no" Keywords8="no" />
        </Settings>
        <KeywordLists>
            <Keywords name="Comments">00-- 01 02 03/* 04*/</Keywords>
            <Keywords name="Numbers, prefix1"></Keywords>
            <Keywords name="Numbers, prefix2"></Keywords>
            <Keywords name="Numbers, extras1"></Keywords>
            <Keywords name="Numbers, extras2"></Keywords>
            <Keywords name="Numbers, suffix1"></Keywords>
            <Keywords name="Numbers, suffix2"></Keywords>
            <Keywords name="Numbers, range"></Keywords>
            <Keywords name="Operators1">! &quot; * +- \ &lt; = &gt; != ^</Keywords>
            <Keywords name="Operators2"></Keywords>
            <Keywords name="Folders in code1, open">(</Keywords>
            <Keywords name="Folders in code1, middle">,</Keywords>
            <Keywords name="Folders in code1, close">)</Keywords>
            <Keywords name="Folders in code2, open"></Keywords>
            <Keywords name="Folders in code2, middle"></Keywords>
            <Keywords name="Folders in code2, close"></Keywords>
            <Keywords name="Folders in comment, open">/*</Keywords>
            <Keywords name="Folders in comment, middle"></Keywords>
            <Keywords name="Folders in comment, close">*/</Keywords>
            <Keywords name="Keywords1"> and as at by exit fn struct for in from function case of try catch if then else do global if in local where while with not to private</Keywords>
            <Keywords name="Keywords2">rollout subRollout slider button spinner checkbox checkButton pickButton radioButtons activeXControl messagebox querybox yesNoCancelBox disableSceneRedraw enableSceneRedraw forceCompleteRedraw redrawViews rcmenu createDialog destroyDialog groupBox label editText closeRolloutFloater addRollout removeRollout dropDownList listBox multiListBox timer progressBar open entered changed selected pressed selectionEnd doubleClicked picked clicked buttondown buttonup tick resized mousedown mouseup click dblclick mouseover mouseout selChanged ptChanged tangentChanged deleted reset ColumnClick struct</Keywords>
            <Keywords name="Keywords3">Open Close break int delete Select Abs Cos EOF Exp Format GetObject Int IsEmpty LoadPicture Log Seek Sin Tan Append Assert Clear Copy Delete Edit Execute FindItem Hide LoadFile Move PopupMenu Print Render Save Scale SetFocus SetSize Update Disconnect Reset SELECT SQRT CLEAR length Group Identity Random Stack Timestamp atan2 close cos eof exp format join log open print readline reset reverse seek select sin sleep sort sqrt display group distance move clear composite render edit include abs acos asin atan ceil closelog copy empty fclose floor flush fopen fseek ftell log10 openlog pi pow tan contains E go PI random replace substring Flush DDS NURBS_API_Test Test_Sound_Object Wavefront_Object Wavefront_Material Wavefront_MaterialExporterPlugin Wavefront_ObjectExporterPlugin append blue crop encryptFile execute free green invert isAnimated isEmpty isDeleted instance merge openEncryptedFile red redrawViews reference scale seed transform update ActivateTimeWarp addAndWeld addAtmospheric addEaseCurve addEffect addKnot addModifier addMorphTarget addMultiplierCurve addNewKey addNewNoteKey addNewSpline addNoteTrack addNURBSSet addPluginRollouts addRollout addScript addSnippet AddSubRollout addTrackViewController addTranInfo addTransition affectRegionVal AlignObject AlignPivot AlignToParent amax amin animateAll animateVertex appendClip appendCurve appendCurveByID appendGizmo appendIfUnique appendKey appendMaxClip appendObject AppendSubSelSet appendTrack appendTrackgroup appendUCurve appendUCurveByID appendVCurve appendVCurveByID applyEaseCurve applyOffset apropos ArbAxis areMtlAndRendererCompatible areNodesInstances assignKey AssignNewName attach AttachObjects AverageSelVertCenter AverageSelVertNormal AxisTripodLocked bindKnot bindSpaceWarp BoxPickNode breakCurve breakSurface buildTVFaces buildVCFaces canConvertTo CenterObject CenterPivot CheckForSave CirclePickNode classOf clearAllAppData clearCacheEntry clearControllerNewFlag ClearCurSelSet clearListener clearMixer ClearNodeSelection clearProdTess clearSelection ClearSubSelSets clearTrack clearTrackgroup clearUndoBuffer clearViewTess close_enough closeCameraTracker closeRolloutFloater closeU closeUtility closeV collapseface collapseStack colorPickerDlg compareBitmaps CompleteRedraw computeAnimation ConfigureBitmapPaths conformToShape Conjugate ConvertDirIDToInt convertTo convertToMesh convertToNURBSCurve convertToNURBSSurface convertToPoly convertToSplineShape copyFile copyMixdownToBiped copyPasteKeys cosh CreateDialog createfile createInstance CreateLockKey createMorphObject createOLEObject CreatePreview createReaction cross curveLength DeactivateTimeWarp deepCopy defaultVCFaces DegToRad deleteAllChangeHandlers deleteAllCopies deleteAppData deleteAtmospheric deleteChangeHandler deleteCopy deleteEaseCurve deleteEffect deleteface deleteFile deleteGizmo deleteItem deleteKey deleteKeys deleteKnot deleteModifier deleteMorphTarget deleteMultiplierCurve deleteNoteKey deleteNoteKeys deleteNoteTrack deleteObjects deletePoint deleteReaction deleteScript deleteSnippet deleteSpline deleteTime deleteTrack deleteTracker deleteTrackgroup deleteTrackViewController deleteTrackViewNode deleteTranInfo deleteTransition deleteTransitionsTo DeleteTw deletevert DeleteWeight delINISetting dependsOn deselect DeselectHiddenEdges DeselectHiddenFaces deselectKey deselectKeys DeSelectNode DestroyDialog detachFaces detachVerts disableRefMsgs DisableSceneRedraw DisableStatusXYZ disconnect displacementToPreset displayControlDialog DisplayTempPrompt doesFileExist DOSCommand dot dumpMAXStrings EditAtmosphere editAtmospheric editEffect EnableCoordCenter enableORTs EnableRefCoordSys enableRefMsgs EnableSceneRedraw EnableShowEndRes EnableStatusXYZ EnableSubObjSel enableUndo encryptScript enumerateFiles eulerToQuat evalPos evalTangent evalUTangent evalVTangent ExclusionListDlg explodeGroup exportFile exprForMAXObject extrudeface FencePickNode fetchMaxFile fflush filein filenameFromPath FileOpenMatLib filepos FileSaveAsMatLib FileSaveMatLib FilterString findItem FindLengthSegAndParam FindPathSegAndParam findPattern findString flagChanged flagForeground FlashNodes flushlog ForceCompleteRedraw formattedPrint fractalNoise freeSceneBitmaps freeze freezeSelection gc genClassID getActiveCamera getAfterORT getAppData getAtmospheric GetBackGround GetBackGroundController getBeforeORT getBitmapInfo getBitmapOpenFileName getBitmapSaveFileName GetBkgFrameNum GetBkgImageAnimate GetBkgImageAspect GetBkgORType GetBkgRangeVal GetBkgStartTime GetBkgSyncFrame getChannel getChannelAsMask getClassInstances getClassName getClip getclipboardBitmap getclipboardText GetCommandPanelTaskMode GetCoordCenter getCopy getCoreInterfaces getCPTM GetCrossing getCurNameSelSet getCurrentException getCurrentSelection GetCurrentThreadId getCursorPos getCurve getCurveID getCurveStartPoint getCV GetCVertMode GetDefaultUIColor GetDialogBitmap GetDialogPos GetDialogSize getDimensions GetDir getDirectories getDisplacementMapping GetDisplayFilter GetDisplayFilterName getEdge getEdgeSelection getEdgeVis getEffect GetEulerMatAngleRatio GetEulerQuatAngleRatio getface getFaceMatID getFaceNormal getFaceSelection getFaceSmoothGroup getFileAttribute getFileCreateDate getFileModDate getFilenameFile getFilenamePath getFilenameType getFiles getFileSize getFileVersion getFilter getFlip getFlipTrim getGenerateUVs getGizmo GetGridMajorLines GetGridSpacing getHashValue GetImageBlurMultController getIndexedPixels getIndexedProperty getInheritanceFlags GetInheritVisibility getINISetting getInterface getInterfaces getInVec getKBChar getKBLine getKBPoint getKBValue getKey getKeyIndex GetKeyStepsPos GetKeyStepsRot GetKeyStepsScale GetKeyStepsSelOnly GetKeyStepsUseTrans getKeyTime getKnot getKnotPoint getKnotSelection getKnotType getLastRenderedImage getListenerSel getListenerSelText getLocalTime GetMasterController getMaterialID GetMatLibFileName getMAXFileObjectNames GetMAXIniFile getMAXOpenFileName getMAXSaveFileName getMAXWindowPos getMAXWindowSize getMeditMaterial GetMixerInterval getMKKey getMKKeyIndex getMKTargetNames getMKTargetWeights getMKTime getMKWeight getModContextBBoxMax getModContextBBoxMin getModContextTM getMTLMEditFlags getMTLMeditObjType getMTLMeditTiling getMultiplierValue GetNamedSelSetItem GetNamedSelSetItemCount GetNamedSelSetName getNodeByName GetNodes getNodeTM getnormal getNoteKeyIndex getNoteKeyTime getNoteTrack GetNumAxis GetNumberDisplayFilters GetNumberSelectFilters getNumCPVVerts getNumFaces GetNumNamedSelSets getNumSubMtls getNumSubTexmaps getNumTVerts getNumVerts getNURBSSet getObject getOpenFileName GetOrgTimeAtWarpedTime getOutVec getParent getParentID GetPatchSteps getPixels getPoint getPointController getPointControllers getPointPos GetPolygonCount GetPosTaskWeight getProdTess getProgressCancel getProperty getPropertyController getPropNames GetQuietMode getRadius getReactionCount getReactionFalloff getReactionInfluence getReactionName getReactionState getReactionStrength getReactionValue GetRefCoordSys GetRendApertureWidth GetRenderID GetRenderType GetRendImageAspect GetRotTaskWeight getSaveFileName getSavePath getSaveRequired GetScreenScaleFactor getScriptIndex getSeed getSegLengths getSegmentType getSegSelection getSelectedPts getSelectedReactionNum GetSelectFilter GetSelectFilterName getSelectionLevel GetShadeCVerts GetSnapMode GetSnapState getSnippetIndex getSourceFileName getSourceFileOffSet getSplineSelection getSplitMesh getSubAnim getSubAnimName getSubAnimNames getSubdivisionDisplacement getSubMtl getSubMtlSlotName getSubTexmap getSubTexmapSlotName GetTaskAxisState getTextExtent getTextureSurface getTextureUVs getThisScriptFilename getTiling getTilingOffset getTimeRange GetTMController GetToolBtnState getTrack getTracker getTrackgroup GetTrackgroupInterval GetTrackInterval GetTrajectoryON getTransformAxis getTransformLockFlags GetTriMeshFaceCount getTrimSurface gettvert getTVFace GetTwOrgTime GetTwWarpTime getUCurve getUCurveID GetUIColor getUKnot getUniversalTime GetUseEnvironmentMap getUserProp getUserPropBuffer getValue getVCFace getVCurve getVCurveID getVert getvertcolor getVertSelection getViewFOV getViewSize getViewTess getViewTM GetVisController getVKnot GetVPortBGColor GetWarpedTimeAtOrgTime GetWeight GetWeightAtTime GetWeightTime getXYZControllers globalInpoint globalOutpoint globalToLocal globalToScaledLocal gotoFrame hasNoteTracks hasProperty heapCheck HiddenDOSCommand hide hideSelectedSegments hideSelectedSplines hideSelectedVerts HitByNameDlg holdMaxFile importFile InitializeTimeWarp insertItem insertPoint insertSnippet insertTime insertTrack insertTrackgroup InsertWarpAtOrgTime instanceReplace interpBezier3D interpCurve3D intersectRay IntersectRayEx intersectRayScene intersects InvalidateAllBackgrounds invalidateTM invalidateTreeTM invalidateWS invalTrack Inverse is64bitApplication isActive isAnimPlaying IsBoneOnly isClosed isCompatible isController IsCPEdgeOnInView isCreatingObject isDeformable isGroupHead isGroupMember isIdentity isKeySelected isKindOf isMaxFile isMSCustAttrib isMSCustAttribClass isMSPlugin isMSPluginClass IsNetServer isOpenGroupHead isOpenGroupMember IsPointSelected isProperty isPropertyAnimatable isReadOnly IsSceneRedrawDisabled isSelectionFrozen IsShapeObject isSpace isStruct isStructDef IsSubSelEnabled IsSurfaceUVClosed IsTimeWarpActive IsValidMorpherMod isValidNode isValidObj joinCurves joinSurfaces lengthInterp lengthTangent lengthToPathParam LnDif LoadDefaultMatLib loadDllsFromDir loadfile loadFrames loadMaterialLibrary loadMaxAnimationFile loadMaxFile loadMixFile loadMoFlowFile loadPicture loadSnippetFiles loadTempMaterialLibrary locals localToGlobal localToScaledLocal LockAxisTripods LogN makeDir makeIndependent MakeNURBSConeSurface MakeNURBSCylinderSurface MakeNURBSLatheSurface MakeNURBSSphereSurface MakeNURBSTorusSurface makeUniqueArray mapKeys mapPoint mapScreenToCP mapScreenToView mapScreenToWorldRay MatchPattern MaterialBrowseDlg materialID MatrixFromNormal maxVersion maz measureOffset mergeMaxFile messageBox MirrorIKConstraints mixdown mod mouseTrack moveClip moveKey moveKeys NamedSelSetListChanged nearestPathParam NetworkRTT newRolloutFloater newScript newSnippet newTrackViewNode NodeColorPicker nodeGetBoundingBox NodeIKParamsChanged NodeInvalRect nodeLocalBoundingBox noise3 noise4 normalize normtime notifyDependents numCopies numEaseCurves numKeys numKnots NumMapsUsed numMultiplierCurves numNoteTracks numPoints numSegments numSelKeys numSplines NumSurfaces NURBSExtrudeNode NURBSLatheNode NURBSNode OkMtlForScene OKToBindToNode okToCreate openBitMap openCTBitMap openfile openUtility optimizeClipTransition optimizeTransitions Orthogonalize OSnap particleAge particleCenter particleCount particleLife particlePos particleSize particleSize2 particleVelocity pasteBitmap pathInterp pathIsNetworkPath pathTangent pathToLengthParam peekToken perspectiveMatch pickObject pickOffsetDistance pickPoint playAnimation PointSelection PopPrompt PreRotate PreRotateX PreRotateY PreRotateZ PreScale PreTranslate printstack progressEnd progressStart progressUpdate PushPrompt QCompA qorthog qsort quatArrayToEulerArray quatToEuler quatToEuler2 queryBox quitMax radToDeg RAMPlayer reactTo ReadByte readChar readChars readDelimitedString ReadDoubleAsFloat readExpr ReadFloat readLine ReadLong ReadShort ReadString readToken readValue rectify reduceKeys referenceReplace refine refineSegment refineU refineV registerDisplayFilterCallback registerOLEInterface registerRedrawViewsCallback registerRightClickMenu registerSelectFilterCallback registerTimeCallback registerViewWindow releaseAllOLEObjects releaseOLEObject removeObject removeRollout RemoveSubRollout RemoveTempPrompt renameFile renderMap reparameterize replace_CRLF_with_LF replace_LF_with_CRLF replaceInstances ReplacePrompt resample RescaleWorldUnits resetLattice resetLengthInterp resetMaxFile ResetPivot ResetScale resetShape ResetTransform ResetXForm resetZoom ResumeEditing reverseTime rotate RotateX RotateXMatrix RotateY RotateYMatrix RotateYPRMatrix RotateZ RotateZMatrix save saveMaterialLibrary saveMaxFile saveMixFile saveMoFlowFile saveNodes saveTempMaterialLibrary scaleClip scaledLocalToGlobal scaledLocalToLocal ScaleMatrix scaleTime scanForNewPlugins selectBitMap selectByName selectCTBitMap selectKey selectKeys selectmore selectReaction SelectSaveBitMap setActive setAfterORT setAppData setArrowCursor setAsBackground setAtmospheric SetBackGround SetBackGroundController setBeforeORT SetBkgFrameRange SetBkgImageAnimate SetBkgImageAspect SetBkgORType SetBkgStartTime SetBkgSyncFrame setCacheEntry setclipboardBitmap setclipboardText SetCommandPanelTaskMode SetCoordCenter SetCurNamedSelSet setCurve setCurveByID setCurveStartPoint setCV SetCVertMode SetDialogBitmap SetDialogPos setDimensions SetDir setDisplacementMapping SetDisplayFilter setEdge setEdgeSelection setEdgeVis setEffect setface setFaceMatID setfacenormal setFaceSelection setFaceSmoothGroup setFade setFileAttribute setFilter setFirstKnot setFirstSpline setFlip setFlipTrim setFocus setGenerateUVs SetGridMajorLines SetGridSpacing setGroupHead setGroupMember setGroupOpen SetImageBlurMultController SetImageBlurMultiplier setIndexedPixels setIndexedProperty setInheritanceFlags SetInheritVisibility setINISetting setInVec SetKeyStepsPos SetKeyStepsRot SetKeyStepsScale SetKeyStepsSelOnly SetKeyStepsUseTrans setKnot setKnotPoint setKnotSelection setKnotType setListenerSel setListenerSelText setMaterialID setMeditMaterial setMesh setMKTime setMKWeight setModContextBBox setModContextTM setMorphTarget setMorphTargetName SetMotBlur setMTLMEditFlags setMTLMeditObjType setMTLMeditTiling setNeedsRedraw SetNodes setnormal setNumCPVVerts setNumFaces setNumTVerts setNumVerts setObject setOpenSceneScript setOutVec setParent setParentID SetPatchSteps setPixels setPoint SetPosTaskWeight setProdTess setProgressCancel setProperty setPropertyController SetQuietMode setRadius setReactionFalloff setReactionInfluence setReactionName setReactionState setReactionStrength setReactionValue SetRefCoordSys SetRendApertureWidth SetRenderable setRenderApproximation SetRenderID SetRenderType SetRotTaskWeight setSaveRequired setSaveSceneScript setSeed setSegmentType setSegSelection setSelectedPts SetSelectFilter setSelectionLevel SetShadeCVerts SetSilentMode setSize setSplineSelection setSplitMesh SetStatusXYZ setStruct setSubdivisionDisplacement setSubMtl setSubTexmap setSurfaceDisplay SetSysCur SetTaskAxisState setTextureSurface setTextureUVs setTiling setTilingOffset setTimeRange SetToolBtnState SetTrajectoryON setTransformLockFlags setTrimSurface settvert setTVFace SetTwOrgTime SetTwWarpTime setUCurve setUCurveByID SetUIColor setUKnot setupEvents SetUseEnvironmentMap setUserProp setUserPropBuffer setVCFace setVCurve setVCurveByID setVert setVertColor setVertSelection setViewApproximation setViewTess setVKnot SetVPortBGColor setWaitCursor SetWeight SetWeightAtTime SetWeightTime ShellLaunch ShowAllActiveXControls showClass showEvents showInterface showInterfaces showMethods showProperties showSource showTextureMap showTrack SilentMode sinh skipSpace skipToNextLine skipToString Slerp snapShot snapshotAsMesh sortKeys sortNoteKeys Squad squadrev stack startObjectCreation startTool stopAnimation StopCreating stopTool stricmp subdivideSegment substituteString superClassOf supportsTimeOperations SuspendEditing swap tangentBezier3D tangentCurve3D tanh test_safearray thawSelection threads timeStamp toLower toUpper Translate TransMatrix transpose trimExtend trimLeft trimRight turbulence unbindKnot unDisplay unfreeze ungroup unhide unhideSegments uniqueName unmaz unregisterAllRightClickMenus unregisterDisplayFilterCallback unregisterRedrawViewsCallback unregisterRightClickMenu unregisterSelectFilterCallback unregisterTimeCallback unRegisterViewWindow updateBindList updateMTLInMedit updateShape updateSurfaceMapper updateToolbarButtons updateWindow updateXRef usedMaps USetup validModifier VertexPaintTool weldSpline WM3_AddProgressiveMorphNode WM3_CreateMarker WM3_DeleteMarker WM3_DeleteProgressiveMorphNode WM3_GetCurrentMarker WM3_GetMarkerIndex WM3_GetMarkerName WM3_GetProgressiveMorphNode WM3_GetProgressiveMorphTension WM3_GetProgressiveMorphWeight WM3_MC_BuildFromNode WM3_MC_Delete WM3_MC_GetLimitMAX WM3_MC_GetLimitMIN WM3_MC_GetMemUse WM3_MC_GetMorphPoint WM3_MC_GetMorphWeight WM3_MC_GetName WM3_MC_GetTarget WM3_MC_GetUseLimits WM3_MC_GetUseVertexSel WM3_MC_GetValue WM3_MC_HasData WM3_MC_HasTarget WM3_MC_IsActive WM3_MC_IsValid WM3_MC_NumMPts WM3_MC_NumPts WM3_MC_Rebuild WM3_MC_SetActive WM3_MC_SetLimitMAX WM3_MC_SetLimitMIN WM3_MC_SetName WM3_MC_SetUseLimits WM3_MC_SetUseVertexSel WM3_MC_SetValue WM3_MoveMorph WM3_NumberOfMarkers WM3_NumberOfProgressiveMorphs WM3_RebuildInternalCache WM3_RefreshChannelListUI WM3_RefreshChannelParamsUI WM3_SetChannelPos WM3_SetChannelSel WM3_SetCurrentMarker WM3_SetMarkerData WM3_SetProgressiveMorphTension WM3_SetProgressiveMorphWeight WM3_SwapMorph WorldAlignObject WorldAlignPivot WriteByte WriteFloat WriteFloatAsDouble WriteLong WriteShort WriteString WSMApplyFC WSMSupportsCollision WSMSupportsForce XFormMat yesNoCancelBox Zero zoom objects cameras geometry helpers lights shapes systems spacewarps assetBrowser.gotoURL assetBrowser.open AttachCtrl.addNewKey AttachCtrl.getKey AttachCtrl.update bit.and bit.charAsInt bit.doubleAsInt64 bit.flip bit.floatAsInt bit.get bit.hexAsInt bit.int64AsDouble bit.intAsChar bit.intAsFloat bit.intAsHex bit.isFinite bit.isNAN bit.not bit.or bit.set bit.shift bit.swapBytes bit.xor boolObj.createBooleanObject boolObj.GetBoolCutType boolObj.GetBoolOp boolObj.GetDisplayResult boolObj.GetOperandSel boolObj.GetOptimize boolObj.GetShowHiddenOps boolObj.GetUpdateMode boolObj.SetBoolCutType boolObj.SetBoolOp boolObj.SetDisplayResult boolObj.setOperandB boolObj.SetOperandSel boolObj.SetOptimize boolObj.SetShowHiddenOps boolObj.SetUpdateMode cacheOps.DisableBelow cacheOps.EnableBelow cacheOps.RecordCache cacheOps.reload cacheOps.Unload callbacks.addScript callbacks.broadcastCallback callbacks.notificationParam callbacks.removeScripts callbacks.show cameraFOV.CurFOVtoFOV cameraFOV.FOVtoCurFOV cameraFOV.FOVtoMM cameraFOV.MMtoFOV crowds.alignObjects crowds.assignControllers crowds.assignGridProximityPriorities crowds.assignObjectProximityPriorities crowds.assignRandomPriorities crowds.assignUniquePriorities crowds.genclones crowds.genlocations crowds.genrotations crowds.genscales crowds.incrementPriorities crowds.linkObjects crowds.scatterall crowds.smooth crowds.solve cui.dockDialogBar cui.expertModeOff cui.expertModeOn cui.floatDialogBar cui.getConfigFile cui.GetDir cui.getDockState cui.getExpertMode cui.loadConfig cui.registerDialogBar cui.saveConfig cui.saveConfigAs cui.setAppTitle cui.setConfigFile cui.unRegisterDialogBar custAttributes.add custAttributes.count custAttributes.delete custAttributes.deleteDef custAttributes.get custAttributes.getDef custAttributes.getDefClass custAttributes.getDefData custAttributes.getDefInstances custAttributes.getDefs custAttributes.getDefSource custAttributes.getOwner custAttributes.getPBlockDefs custAttributes.getSceneDefs custAttributes.makeUnique custAttributes.redefine custAttributes.setDefData delegates.bboxDisplay delegates.ComputingBiped delegates.isAssignmentActive delegates.isComputing delegates.lineDisplay delegates.prevVelocity delegates.reactToMe delegates.simTransform delegates.speed delegates.sphereDisplay delegates.startVelocity delegates.textDisplay delegates.velocity DOF.addCam DOF.addFocalNode DOF.deleteCam DOF.deleteCamByName DOF.deleteFocalNode DOF.deleteFocalNodeByName dotNet.addEventHandler dotNet.combineEnums dotNet.compareEnums dotNet.getType dotNet.loadAssembly dotNet.removeAllEventHandlers dotNet.removeEventHandler dotNet.removeEventHandlers dotNet.showConstructors envEffectsDialog.close envEffectsDialog.isOpen envEffectsDialog.open fileProperties.addProperty fileProperties.deleteProperty fileProperties.findProperty fileProperties.getItems fileProperties.getNumProperties fileProperties.getPropertyName fileProperties.getPropertyValue flexOps.ClearEdgeVertices flexOps.GetNumberVertices flexOps.GetVertexWeight flexOps.isEdgeVertex flexOps.SelectVertices flexOps.SetEdgeVertices flexOps.SetVertexWeights globalMotionClipOps.loadfile globalMotionClipOps.savefile globalMotionClipOps.synthesize globalVars.gather globalVars.get globalVars.getTypeTag globalVars.getValueTag globalVars.isGlobal globalVars.remove globalVars.set gw.clearScreen gw.endTriangles gw.enlargeUpdateRect gw.GetCPDisp gw.getDriverString gw.getFlipped gw.GetFocalDist gw.getHitherCoord gw.getMaxLights gw.GetPointOnCP gw.getRndLimits gw.getRndMode gw.getSkipCount gw.getTextExtent gw.getUpdateRect gw.getViewportDib gw.GetVPWorldWidth gw.getWinDepth gw.getWinSizeX gw.getWinSizeY gw.getYonCoord gw.hMarker gw.hPolygon gw.hPolyline gw.hRect gw.hText gw.hTransPoint gw.hTriStrip gw.isPerspectiveView gw.IsPerspView gw.MapCPToWorld gw.marker gw.NonScalingObjectSize gw.polygon gw.polyline gw.querySupport gw.resetUpdateRect gw.setColor gw.setDirectXDisplayAllTriangle gw.setPos gw.setRndLimits gw.setSkipCount gw.setTransform gw.SnapLength gw.SnapPoint gw.startTriangles gw.text gw.transPoint gw.triangle gw.triStrip gw.updateScreen gw.wMarker gw.wPolygon gw.wPolyline gw.wRect gw.wText gw.wTransPoint gw.wTriStrip hideByCategory.all hideByCategory.none ik.getAxisActive ik.getAxisDamping ik.getAxisEase ik.getAxisLimit ik.getAxisMax ik.getAxisMin ik.getAxisPreferredAngle ik.getAxisSpring ik.getAxisSpringOn ik.getAxisSpringTension ik.getBindOrient ik.getBindPos ik.GetEndTime ik.getIsTerminator ik.GetIterations ik.getPinNode ik.GetPosThreshold ik.getPrecedence ik.GetRotThreshold ik.GetStartTime ik.setAxisActive ik.setAxisDamping ik.setAxisEase ik.setAxisLimit ik.setAxisMax ik.setAxisMin ik.setAxisPreferredAngle ik.setAxisSpring ik.setAxisSpringOn ik.setAxisSpringTension ik.setBindOrient ik.setBindPos ik.SetEndTime ik.setIsTerminator ik.SetIterations ik.setPinNode ik.SetPosThreshold ik.setPrecedence ik.SetRotThreshold ik.SetStartTime ILayerManager.getLayerObject internet.checkConnection LE.addASec LE.addGlow LE.addLight LE.addLightNode LE.addMSec LE.addRay LE.addRing LE.addStar LE.addStreak LE.deleteElement LE.deleteElementByName LE.deleteLight LE.deleteLightByName LE.lightIndex LE.lightName LE.load LE.numLights LE.save LinkCtrl.addLink LinkCtrl.deleteLink LinkCtrl.getLinkCount LinkCtrl.getLinkNode LinkCtrl.getLinkTime LinkCtrl.setLinkNode LinkCtrl.setLinkTime ListCtrl.getActive ListCtrl.getName ListCtrl.setActive ListCtrl.setName listview.getIndent listview.hitTest listview.setIndent logsystem.logEntry logsystem.logName</Keywords>
            <Keywords name="Keywords4">VRayMtl VRayFastSSS2 Arch___Design__mi DGS_Material__physics_phen Glossy_Material VRayHairMtl Diffuse_Material CoronaMtl inline Line RGB Shell Circle Connect Drag Point Collapse Event Paint Block AREA BOX LINK SOUND TEXT BACKGROUND AudioClip Character Container Rectangle connect link pipe push anchor arc area birth box channel character event line measure setting sound text background ink lines fixed delegate Anchor Area Link Text blur Fixed MAXScript path Arc AnimTrack ADT_Object_Manager ADT_StyleComposite Adobe_Illustrator_Shape AutoCADImport Adobe_Illustrator AsciiExp AVI Architectural Advanced_Lighting_Override Asset_Browser Anisotropic Area_Shadows Adv__Ray_Traced ATSMax Atmosphere alpha AlphaMap Ambient_Occlusion Automatic_Exposure_Control AudioFloat ADT_Object_Manager_Wrapper AudioPoint3 AudioPosition AudioRotation AudioScale Box Biped_Object Bone Bones bipedSystem BoolPacket Bulge_Angle_Deformer Bend Bevel Bombbinding Bomb BMP Blend Bitmaptexture Brightness_and_Contrast Blackman Blendfilter BlinnShader Blinn Beauty BlendRenderElement BackgroundRenderElement BlendMap bezier_float Block_Manager_Wrapper boolean_float bezier_point3 bezier_color BipSlave_Control bezier_position bezier_rotation bezier_scale Barycentric_Morph_Controller Block_Control bezier_point4 bezier_rgba Cylinder ControlContainerGeometry CSolver Cone_Angle CurveControl CameraMapSpaceWarp ConformSpaceWarp CMB CIN compositematerial Checker CompositeTexturemap COM_DCOM_Server_Control Camera_Tracker Clone_and_Align_Tool Create_Out_of_Range_Keys Color_Balance cubic Catmull_Rom Cook_Variable Crusher CompleteMap Color_RGB Cubic_Morph_Controller Color_RGBA Directionallight Donut Dummy Daylight Deform_Curve DwgGridPacket DwgLayerFilter DwgAlwaysEqualFilter DoublePacket DwgExtrusionPacket Displace Displacebinding Deflectorbinding Displace_Mesh Deflector DWG_ExportExporterPlugin DWG_Export DWF_Exporter DoubleSided DirectX_9_Shader Dent Default_Sound Default_Scanline_Renderer Depth_of_Field Default_Color_Picker DialogMonitor diffuseMap Depth_of_FieldMPassCamEffect Depth_of_Field__mental_ray Dynamics_Position_Controller Dynamics_Rotation_Controller Editable_Patch Ellipse Edit_Mesh Edit_Spline Edit_Patch Extrude ExportHTR EPS_Image Expose_Point3_Control Euler_XYZ Expose_Euler_Control Footsteps Freecamera freeSpot Free_Point Free_Area Free_Linear Fracture Falloff_Manipulator Face_Extrude FileLinkAsDwgImporter Flat_Mirror fallofftextureMap Fog Fire_Effect Fix_Ambient Follow_Bank Film_Grain File_Output Filter_kernel_plug_in_not_found Float_Expression Float_Layer Float_Mixer_Controller float_limit float_script Float_Wire float_list GeoSphere grid Gravitybinding gravity GIF Gradient Global_Motion_Clip Hair_MR_Object Helix HalfRound HSDS HairMod HDRI Hair_GI_Atmospheric Hair_Atmospheric HairEffect HeightMap HairLightAttr IES_Sun IES_Sky IK_Spline_End_Twist_Manip IK_Chain_Object IGES_Import ImportTRC ImportHTR InventorImport IGES_Export IFL InkNPaint Instance_Duplicate_Maps IFL_Manager IKLimb IKHISolver Illuminance_HDR_Data Ink Instance_Manager_Wrapper IKControl IKChainControl IK_ControllerMatrix3Controller IK_Position_Controller Joint_Angle_Deformer JFlagSetData JFlagCtlData JSR184Exporter JPEG JSR184SceneGUP LoftObject Loft LinearShape Lines LinkCompositeshape L_Dashpot LZHilight_Aux_Data LZGlow_Data LZHilight_Data Layer_Manager Lathe Linked_XForm Lightscape_Importer LandXML___DEM_Model_Import Lightscape_Layers Lightscape_Material Lightscape_Preparation Lightscape_Parameter Lightscape_Blocks Lightscape_View Lightscape_Mtl Link_Inheritance__Selected Level_of_Detail Lightscape_Materials Lens_Effects Lighting Luminance_HDR_Data LightingMap Light_Tracer Linear_Exposure_Control Logarithmic_Exposure_Control linear_float Layer_Output lookat Link_Transform Link_Constraint linear_position linear_rotation Local_Euler_XYZ LookAt_Constraint linear_scale Morph Mesher Missing_Camera mr_Sky mr_Sun Missing_Light Missing_System MtlLib MtlBaseLib MeshCollision Morph_Angle_Deformer Manual_Secondary_Element meshsmooth MapScaler MotorMod MapScalerSpaceWarp mental_ray_Import MPG MaxOpenEXR Multimaterial MatteShadow MorpherMaterial mental_ray Marble Mask Mix Missing_UVGen Missing_XYZGen Missing_Texture_Output_Plug_in Metronome Missing_SoundObj mental_ray_renderer Missing_Renderer Missing_Atmospheric MACUtilities Motion_Blur Missing_Render_Effect Mitchell_Netravali MetalShader Multi_Layer Missing_Shader_Plug_in mental_ray_Shadow_Map Missing_Shadow_Type Mb_select MaxRenderer_COM_Server mental_ray__object_custom_attributes_manager mental_ray__material_custom_attributes_manager MatteRenderElement Material_ID Missing_Texture_Bake_Element mental_ray__material_custom_attribute mental_ray__Indirect_Illumination_custom_attribute mental_ray__light_shader_custom_attribute mental_ray__Area_Light_custom_attribute Missing_Custom_Attribute_Plugin Missing_Radiosity Missing_Exposure_Control Motion_BlurMPassCamEffect Motion_Clip Motion_Clip_SlaveFloat Motion_Clip_SlavePoint3 Matrix3_Mixer_Controller Missing_Matrix3_Control Motion_Clip_SlavePos Motion_Clip_SlaveRotation Motion_Clip_SlaveScale Missing_Scale_Control Missing_Morph_Control Master_Point_Controller Max_MotionClip_Implementation Master_Motion_Clip MasterBlock Master_Controller_plugin_not_found Missing_Point4_Control NodeObject Ngon NodeNamedSelSet NamedSelSetList NoMaterial NoTexture Noise NormalsMap Noise_point3 Noise_rotation Noise_scale Omnilight optimize Old_Point_CacheSpacewarpModifier output Oren_Nayar_Blinn Object_ID Orientation_Constraint PainterInterface ParamBlockParamBlock Plane Pipe PolymorphicGeomshape Protractor Point_Path ProxSensor ParamBlock2ParamBlock2 PlanarCollision Priority Physique PBombMod Particle_Cache Path_FollowMod PathDeformSpaceWarp PDynaFlect PushSpaceWarp PSD_I_O Portable_Network_Graphics Plate_Match_MAX_R2 Phong Particle_View_Global_Actions ParameterEditor ParserLoader Plug_in_Manager ParameterCollectorCA Pseudo_Color_Exposure_Control Point3_Expression Point3_XYZ Point3_Reactor point3_script Point3_Wire point3_list Point3_Layer Point3_Mixer_Controller point3_ListDummyEntry Point3_Motion_Capture prs Path_Constraint Position_Expression Position_Constraint Position_XYZ Position_Layer position_list position_script Position_Wire Position_Mixer_Controller Point4_XYZW Point4_Wire point4_script point4_list Point4_Mixer_Controller Point4_Layer point4_ListDummyEntry quadPatch QuarterRound Quadratic RBCollection Ring_Array Ray_Engine Ray_Element Ripple Relax Ripplebinding RLA RPF rgb RaytraceMaterial Raytrace RGB_Tint Reflect_Refract RGB_Multiply RenderEnvironment reactor Randomize_Keys raytraceShadow Reflection Refraction Radiosity Rotation_Reactor rotation_script Rotation_Wire rotation_list Rotation_Mixer_Controller Rotation_Layer rotation_ListDummyEntry Sphere Skylight SplineShape Star StPathClass section Springhelper Sound Slider_Manip Sunlight SphericalCollision Streak_Element Speed_Vary_Behavior SharedMotionFlows Star_Element Stretch SpacePathDeform SpaceCameraMap SpaceConform SpaceBend SpaceTaper Spaceripple Spacewave SpaceTwist SpaceStretch Spacedisplace STL_Import STL_Export Standardmaterial Shell_Material Shellac Splat StandardUVGen StandardXYZGen StandardTextureOutput Surface_Approximation Substitute_Manager Strokes Select_Keys_by_Time Sharp_Quadratic Soften Strauss shadowMap Save_Verification SplineIKSolver Specular Self_Illumination ShadowRenderElement specularMap ShadowsMap SimpleFaceData Standin_for_missing_MultiPass_Camera_Effect_Plugin Sunlight_Daylight_Slave_Intensity_ControllerFloatController Scene_Effect_Loader SpringPoint3Controller Slave_Point3 Slave_Control SplineIKChain Substituion_Offset_Transform Sunlight_Daylight_Slave_ControllerPositionController SlavePos Sunlight_Daylight_Slave_Controller SpringPositionController SlaveRotation Scale_Expression ScaleXYZ Scale_Reactor Scale_Layer scale_list Scale_Mixer_Controller SlaveScale scale_script Scale_Wire scale_ListDummyEntry Scale_Motion_Capture TriMeshGeometry Torus Torus_Knot Targetobject triPatch Tube Targetcamera targetSpot TargetDirectionallight Target_Linear Target_Point Target_Area Tape Texmaps Taper Twist Targa TIF TopBottom Translucent_Shader tcb_float tcb_point3 TVDummyControl transform_script tcb_position tcb_rotation tcb_scale tcb_point4 UDynaFlectMod UOmniFlect UDeflector Vertical_Horizontal_Turn VzObjectTableRecord VortexMod Vortex VRBL_Export Vertex_Color VUE_File_Renderer Volume_Fog Volume_Light Visual_MAXScript Video ViewportManager Vertex_Paint_Startup_GUP velocity ViewportManagerCustAttrib Wave Wavebinding Windbinding Wind Wood WalkThroughGUP XRefObject XMLImp2 XRef_Material XRefAtmosWrapper XRef_Controller YUV Z_Depth curvecontrol angle edge imageMotionBlur mapping pivot projected rotation standard smooth surface Maxscript localtime rootNode RenderEffects escapeEnable renderer rendSimplifyAreaLights Registry le options custAttributes keyboard trackView maxfilepath maxFileName Array Interface XRefScene RootNodeClass IdleAreaObj CFDInterpOnSpline Flow L_Ext PArray Global_Container Vsp_GantrySA Vsp_Signal Spindle Apollo_Param_Container Deformable_gPoly Body_Cutter Vsp_Sign Conform ChamferBox Editable_Poly PCloud ProCutter OilTank Body_Object Awning RmModel BoneGeometry RingWave Pivoted Straight_Stair CATBone ProBoolean C_Ext Vsp_Lamp Terrain OldBoolean PhysXShapeConvex AlembicObject Seat FbxMaxWrapper CFDVelocityField PopSkinObject Vsp_GantryNZ Damper nvBox Gengon Foliage PF_Source PolymorphicGeom nvSphere Boolean2 Blizzard Body_Utility Spiral_Stair Vsp_Symb Scatter PolyMeshObject U_Type_Stair PointCloud BiFold LinkComposite Prism Join_Bodies ControlContainer Particle_Paint_Cursor Volume Procedural Hose LinkLeaf ShapeMerge TextPlus NURBS_Imported_Objects BlobMesh Capsule Casement SlidingDoor L_Type_Stair HubObject SlidingWindow SuperSpray ParticleGroup Civil_Structure Point_SurfGeometry Point_Surf CV_Surf NURBSSurf Pyramid nvCapsule LinkBlockInstance ChamferCyl Spring Boolean3 Railing CFDImportData Vsp_Tree Wall RmModelGeometry Spray Snow Cone Teapot AlembicContainer Vsp_Gantry Editable_mesh Hedra Missing_GeomObject arnold_vr_camera AlembicCamera Physical Sun_Positioner Free_Light Target_Sphere Target_Disc Free_Cylinder Free_Disc Target_Light Arnold_Light Target_Cylinder Free_Sphere MCG_SinWave Egg MCG_MeshEdgesToSpline CFDSplineNode CFDSplinePaths CivilView_Pipe LinkLeafshape CivilView_Alignment Point_Curveshape CV_Curveshape NURBSCurveshape CV_Curve Point_Curve LinkBlockInstanceshape Simple_Spline Simple_Shape MCG_Donut WideFlange WalledRectangle Tee Missing_Shape uvwMappingPositionManip Muscle_Strand Skeleton BlurWind Axis_Helper Muscle_Handle D6Joint CATMuscle SpinLimit LockedObjectWrapper arnoldlight_spotmanip Hotspot_Manip IK_Swivel_Manip Plane_Angle Text_Kerning_Manipulator Light_RollAngle_Manipulator arnoldlight_cylindermanip Text_Baseline_Manipulator uvwMappingWidthManip radiusManip SphereGizmo CylGizmo BoxGizmo RagdollVisualizer Delegate Position_Value Luminaire nvRagdoll sliderManipulator LinkOriginPtHelper DaylightAssemblyHead Text_Display_Only_Manipulator Reactor_Angle_Manip RandomWalk CamPoint ShapeLibrary Birth_Paint Utility Initial_State Group_Select Group_Operator Placement_Paint Birth_Texture Mapping_Object Express_Save Split_Group Lock_Bond Text_Y_Scale_Manipulator UConstraint CATParent stop Stop_Gradually Copy_Out Display_Script Camera_Culling Camera_IMBlur uvwMappingLengthManip Text_Tracking_Manipulator uvwMappingHeightManip mP_Worldhelper pxJoint Crowd Substitute_Object IKTarget Position_Manip Compass IK_Spline_Start_Twist_Manip Data_Operator Data_Icon Data_Test Test_Icon PresetOperator PresetOperIcon PresetTest PresetTestIcon PresetDummyOperator PresetDummyOperIcon PresetDummyTest Cache_Selective Cache_Disk DisplayData mP_Shape mP_Collision mP_Switch mP_InterCollision mP_Force mP_Glue mP_Solvent mP_Drag mP_World BirthGrid Birth_Group BirthStream mP_Buoyancy TouchSensor PFEngine DisplayParticles RenderParticles PFArrow Birth Position_Icon Particle_View speed spin ShapeStandard ScaleParticles materialhelper Shape_Instance Shape_Mark Shape_Facing DeleteParticles Force Position_Object SpeedByIcon Keep_Apart Speed_By_Surface Birth_Script Script_Operator Notes Cache Material_Static Material_Dynamic Material_Frequency Birth_File Age_Test Spawn Collision Collision_Spawn Speed_Test Find_Target Scale_Test Script_Test Send_Out Split_Amount Split_Source Split_Selected Go_To_Rotation MusclePatch arnoldlight_radiusmanip arnoldlight_quadmanip Text_X_Scale_Manipulator ShaveStylinIcon Hair_Atmospheric_Gizmo Text_Uniform_Scale_Manipulator Particle_Paint LightMeter ExposeTm Billboard Background TimeSensor NavInfo FogHelper LOD Inline CharacterAssembly Missing_Helper LockedObjectWrapper_Obsolete Material_EditorReferenceMaker DwgColorMaterialPacket MaterialCategory FbxMaxFactory FbxMaxRevitFactory DwgSunPacket DwgBlockInsertFilter DwgFilterList DwgEnhancedLayerFilter Reaction_Manager Reaction_Master DwgTableRecord FbxMaxFilterList RvtComponentPacket VzObjectTable TrackSetList DwgExtrusionFilter Int64Packet FbxMaxTableRecord Contour_Data_Packet FbxMaxByMaterialFilter FbxMaxObjTranslator DwgMaterialFilterReferenceMaker Contour_Translator FbxMaxByRevitCategoryFilter RvtElementtPacket Raster_Image_Translator Texmaps_RaytraceMtl DwgPointTrans DwgEntityPacket DwgCameraPacket TextBevelProfileCurve HSUtil DwgEnhColorPacket FbxMaxByObjectFilter DwgFactory StringPacket AlwaysEqualFilter FbxMaxByRevitTypeFilter DwgMaterialFilter Reaction_Set DwgEnhLayerPacket DwgBlockInsAsNodeHierarchyFilter DwgLightPacket DwgBlockDefinitionFilter DwgMaterialPacket DwgColorSplitByMaterialFilter DwgHandleFilter DwgTableEntryPacket DwgColorFilter CustAttribContainer FloatPacket DwgMaterialPacketReferenceMaker DwgPluginTranslatorForwardingFilter NullFilter RvtObjTranslator TrackSet PointPacket IntPacket FbxMaxOneObjectFilter BlockInstanceFilter Raster_Image_Packet AdtObjTranslator FbxMaxTableRecordReferenceMaker Missing_RefMaker Scene ArnoldAOVsManager PB2Parameter TailData2 DirectX_9_ShaderReferenceTarget ArnoldDEEPEXRDriver ArnoldJPEGDriver PFFileBirth__State PFOperatorPositionOnObjectState A360RendererPresetsHelper NodeTransformMonitor NodeMonitor RefTargMonitor Captured_Object_State StateCreator CATSpineData2 PFHelperPhysXWorldState Metal_Bump9 LZFlare_Prefs_Data DataOpDeleteCatcher Orientation_Behavior LZFlare_Streak_Data CrowdState JGradCtlData JPercent3Data SortKey Raytrace_Texture_ParamBlock IndirectRefTargContainer Empty_Flow SharedMotionFlow Scripted_Behavior PhysXPanel MinMaxAvg PFOperatorFacingShapeState Global_Clip_Associations Multiple_Delegates JBinaryData Wander_Behavior LZFlare_Glow_Data PluginMarkerForBox3 PFOperatorMaterialDynamicState PFOperatorMaterialStaticState LZFlare_AutoSec_Data LZGlow_Rend_Data CogControl LZFlare_ManSec_Data HiddenUnselectedNodeCache JWorldData LZFlare_Star_Data JColorData RayMeshGridIntersect Surface_Arrive_Behavior aiPBParameter ADT_SyleLeaf Ring_Element Multiple_Delegate_Settings DummyRadMapClass PopCharacter Path_Follow_Behavior Seek_Behavior Avoid_Behavior PFOperatorSimpleBirthState ArnoldPNGDriver JColor3Data InputStandard InputCustom Input_Proxy OutputStandard OutputCustom OutputNew OutputTest Convert FunctionReferenceTarget Scalar randomReferenceTarget Vector objectReferenceTarget Switch AmountChange Condition icon Select_Object geometryReferenceTarget NotesReferenceTarget parameter Particles PipeReferenceTarget ShapeControl Discretizator ObjectParameter colorReferenceTarget Input_mParticles Output_mParticles LZFlare_Rend_Data ClipState RenderElementMgr This_Data PFOperatorMaterialState Wall_Seek_Behavior LZHilight_Rend_Data ClipAssigner MeshProjIntersect PFBoxMeshWrapper PFCapsuleMeshWrapper PFConvexMeshWrapper PFPlaneMeshWrapper PFSphereMeshWrapper PFTriangleMeshWrapper LZFlare_Ring_Data Space_Warp_Behavior RaytraceGlobalSettings CrowdAssignment mParticles_Flow CrowdTeam Auto_Secondary_Element Gradient_GradCtlData JAngleData JFloat3Data PFTestSplitByAmountState JFloatData VzMaterialTable Project_Mapping Max_Master_Clip mrPBParameter Standard_Flow One_Click_Particle_Flow Wall_Repel_Behavior JBoolData PFDataOperatorState CurveClass JPercentData CrowdTransition LZFocus_Data PFOperatorSimplePositionState DataViewGroup Surface_Follow_Behavior DwgLayerTable PFOperatorInstanceShapeState PersistentNodeSet DigitData ArnoldAOV PFOperatorSprayBirthState LZFlare_ManSec_Base ArnoldTIFFDriver Glow_Element ParticleChannelMeshVis JSubtex ParticleChannelSel ParticleChannelPair ParticleChannelComplex ParticleChannelTest ParticleChannelIObject ParticleChannelSimulationState ParticleChannelBindingInfo ParticleChannelDeleteTracker CATLimbData2 smoothReferenceTarget ArnoldEXRDriver Clip_Associations Select_the_Biped_for_use_as_a_retargeting_reference CacheFile LZGlow_Aux_Data LZFlare_Rays_Data JWorld3Data LightMap PFOperatorMaterialFrequencyState ADT_Style LZFlare_Inferno_Data ParticleChannelNew ParticleChannelID ParticleChannelBool ParticleChannelInt ParticleChannelFloat PFIntegrator PView_Manager ParticleChannelPoint3 ParticleChannelPTV PFActionListPool PFSystemPool ParticleChannelAngAxis PFSimpleActionState ParticleChannelQuat ParticleContainer ParticleChannelMatrix3 PF_NotifyDep_Catcher ParticleChannelMesh ParticleChannelMeshMap ParticleChannelINode ParticleChannelTabUVVert ParticleChannelTabTVFace ParticleChannelMap ParticleChannelINodeHandle LZFlare_Aux_Data LZFlare_AutoSec_Base Repel_Behavior Preset_Flow ScatterReferenceTarget ADT_Category PFOperatorMarkShapeState PersistentIsolationData ObjAssoc MaxscriptParticleContainer LZFlare_Data MIDI_Device PFOperatorSprayPlacementState TVNode RefTargContainer IK_Controller Mouse_Input_Device Scene_State SubstancePBWrapper PFTestPhysXGlueState PFOperatorBirthStreamState Joystick_Input_Device Missing_RefTarget DataChannelModifier MassFX_RBody Affect_Region Uvwmap Vol__Select Materialmodifier Normalmodifier ApplyUVAsHSLGradient Skin Unwrap_UVW Spline_IK_Control Push CFDKeepNVertices Preset_Maker TurboSmooth MapScalerOSM Trim_Extend Vertex_Colors subdivide Squeeze DeleteSplineModifier CrossSection Lattice Fillet_Chamfer Projection Morpher Patch_Select Civil_View_Guard_Rail Civil_View_Spline_to_Mesh Particle_Face_Creator Normalize_Spl DynBuilding FFD_2x2x2 FFD_4x4x4 FFD_3x3x3 CameraMap Old_Point_Cache LockedModifierWrapper Skin_Wrap_Patch Skin_Wrap XForm sweep Point_Cache symmetry SliceModifier Turn_to_Poly FFD_Select Paste_Skin_Weights UVW_Mapping_Clear UVW_Mapping_Paste UVW_Mapping_Add Select_By_Channel Chamfer Melt Garment_Maker ApplyUVAsHSLGradientWithMidpoint ApplyUVAsColor Civil_View_Divide_Spline Turn_to_Patch Civil_View_Road_Marking ProOptimizer Project_Mapping_Holder STL_Check Cap_Holes Preserve Edit_Normals Quadify_Mesh SplineSelect ApplyUVAsHSLColor CFDColorVerticesMod MaterialByElement mCloth Turn_to_Mesh UVW_Xform EmptyModifier_Old EmptyModifier PatchDeform NSurf_Sel NCurve_Sel OldVertexPaint Cloth CFDVertexPaintVelocity Welder MultiRes Skew CFDVertexPaintChannel CreaseSet Vertex_Weld OpenSubdiv Mesh_Select SurfDeform FilterMeshColorsByHue Substitute Edit_Poly Disp_Approx Bevel_Profile Skin_Morph Poly_Select VertexPaint DeletePatch PathDeform Renderable_Spline FFDBox Particle_Skinner Arnold_Light_Filter Arnold_Blocker_Filter Arnold_Properties FFDCyl Crease tessellate Spherify Flex CamPerspCorrect mirror Arnold_Light_Gobo Arnold_Light_Decay Arnold_Barndoor DeleteMesh Noisemodifier Missing_OSM DragMod subdivideSpacewarpModifier UOmniFlectMod Point_CacheSpacewarpModifier SimpleOSMToWSMMod2 Civil_View_Swept_Object SimpleOSMToWSMMod SpacePatchDeform PushMod SpaceSurfDeform UDeflectorMod Vector_Field_Modifier SDeflectMod Displace_NURBS SOmniFlectMod POmniFlectMod PFlow_Collision_Shape Surface_Mapper FFD_Binding Missing_WSM PBomb POmniFlect Motor SOmniFlect SpaceFFDBox SDeflector SpaceSkew Vector_Field Path_Follow SpaceNoise SpaceFFDCyl Missing_WSM_Object 3D_Studio 3D_Studio_Shape FBXIMP DAEIMP ATF_Solidworks_importer Revit_importer ObjImp Alembic_Import VrmlImp FltImport ATF_ProE_importer sketchUp ATF_STEP_importer SATImport ATF_IGES_importer ATF_Alias_importer ATF_CATIA_V4_importer ATF_CATIA_V5_importer ATF_UG_NX_importer ATF_JT_importer 3D_StudioExporterPlugin Alembic_Export ACIS_SAT PhysX_and_APEX_Exporter FBXEXP DAEEXP OpenFltExport Export ObjExp SvfExporter Standard_1_bit Standard_8_bit_Paletted Standard_8_bit_Grayscale Standard_16_bit_Grayscale Standard_16_bit Standard_32_bit Standard_64_bit_Storage Standard_32_bit_LogLUV_Storage Standard_24_bit_LogLUV_Storage Standard_24_bit_LogLUV_Storage_with_alpha Standard_32_bit_RealPixel_Storage Standard_32_bit_Floating_Point_Storage Standard_32_bit_Floating_Point_Storage_Grayscale DummyBitmapFilterClass Summed_area PyramidBitmapFilterClass DDS QTime OpenEXR Soft_Selection_Tool Adjust_Color_Tool BitmapProxy_Config_Dialog Vertex_Paint_Floater BitmapProxyManagerImp_Latch BitmapPagerData Multimaterial_empty Autodesk_Material PhysicalMaterial Map_to_Material_Conversion LockedMaterialWrapper ai_fog ai_sky ai_volume_collector ai_shader_ray_switch ai_shader_mix ai_standard ai_atmosphere_volume ai_passthrough ai_standard_surface ai_two_sided ai_Max_MultiSubClosure ai_Max_BlendClosure ai_aov_write_int ai_aov_write_float ai_aov_write_rgb ai_lambert ai_standard_hair ai_standard_volume ai_skin ai_hair Map_to_Material Missing_Mtl Color_Correction MultiTile Stucco Smoke ColorMap BlendedBoxMap Vector_Displacement Gradient_Ramp MEditBkgnd Hair_Instanced_Geometry_MR_Shader Physical_Sun___Sky_Environment Perlin_Marble Normal_Bump FoliagetextureMap Hair_MR_Geom_Shader Combustion LockedMapWrapper Planet ai_sinc_filter ai_box_filter ai_blackman_harris_filter ai_closest_filter ai_heatmap_filter ai_variance_filter ai_triangle_filter ai_farthest_filter ai_mitnet_filter ai_gaussian_filter ai_catrom_filter TextureObjMask TextMap Camera_Map_Per_Pixel Speckle PhilBitmap Bricks Emulator falloff ShapeMap swirl Particle_Bitmap Water ai_ln ai_subtract ai_add ai_log ai_min ai_exp ai_abs ai_dot ai_pow ai_max ai_mix ai_thin_film ai_composite ai_curvature ai_trace_set ai_volume_sample_float ai_blackbody ai_wireframe ai_reciprocal ai_determinant ai_multiply ai_fraction ai_volume_sample_rgb ai_light_decay ai_color_ray_switch ai_is_finite ai_Max_PhysicalSunSky ai_complement ai_user_data_string ai_normalize ai_matrix_transform ai_state_float ai_state_int ai_barndoor ai_transpose ai_matrix_lerp ai_linearize ai_camera_projection ai_rgb_to_rgba ai_complex_ior ai_Max_Adapter ai_Max_Blend ai_ambient_occlusion ai_osl_shader ai_Max_HairColor ai_rgb_to_vector ai_Max_MultiSub ai_int_to_float ai_rgb_to_float ai_aov_read_int ai_aov_read_float ai_aov_read_rgb ai_Max_UVGenerator ai_matrix_multiply_vector ai_rgba_to_float ai_negate ai_light_blocker ai_user_data_rgba ai_user_data_rgb ai_color_correct ai_state_vector ai_random ai_checkerboard ai_physical_sky ai_vector_to_rgb ai_image ai_trigo ai_length ai_range ai_cache ai_user_data_int ai_matrix_invert ai_divide ai_user_data_float ai_matrix_to_float ai_uv_transform ai_flakes ai_utility ai_shadow_matte ai_float_to_rgba ai_float_to_rgb ai_clamp ai_state_matrix ai_atan ai_sign ai_print ai_gobo ai_compare ai_motion_vector ai_bump2d ai_bump3d ai_matrix_frame ai_color_convert ai_noise ai_cross ai_facing_ratio ai_flat ai_switch ai_sqrt ai_matte ai_modulo ai_matrix_multiply ai_space_transform ai_float_to_matrix ai_float_to_int Autodesk_Map MultiOutputChannelTexmapToTexmap Particle_MBlur Particle_Age Vector_Map Substance Substance_Output Cellular Thin_Wall_Refraction Missing_TextureMap ProSound WaveObject WaveMaster Lens_Effects_Hilight_Filter Lens_Effects_Glow_Filter CrosFade negative Fade contrast Cookie add Lens_Effects_Focus_Filter PMAlpha PDAlpha Lens_Effects_Flare_Filter Orbaz_Mix Stars Wipe Quicksilver_Hardware_Renderer A360_Cloud_Rendering ART_Renderer Arnold TrueType AdobeT1 PhysX_Debug_Visualizer PopRefUtil Particle_Flow_Utility Polygon_Counter Flight_Studio Channel_Info SkinUtilities PythonHost Resource_Collector Panorama_Exporter Batch_ProOptimizer RayFX Object_Display_Culling UVW_Remove Camera_Match Clean_MultiMaterial Measure HairMaxUtility Assign_Vertex_Colors MAX_File_Finder Motion_Capture ShineExp Scene_Effect_LoaderUtilityPlugin Scene_State_Manager Shape_Check BevelProfileUtilityInterface Perspective_Match GameExporter Reset_XForm Color_Clipboard File_Link_Manager Bitmap_Photometric_Paths Batch_Render_Manager Rescale_World_Units collapse Euler_Filter KeyValueUtility SoftSelectionManager Keyboard_Input_DeviceMotionCaptureDeviceBindingClass MIDI_DeviceMotionCaptureDeviceBindingClass Mouse_Input_DeviceMotionCaptureDeviceBindingClass Joystick_Input_DeviceMotionCaptureDeviceBindingClass Missing_MotCapDev Keyboard_Input_Device MIDI_DeviceMotionCaptureDeviceClass Mouse_Input_DeviceMotionCaptureDeviceClass Joystick_Input_DeviceMotionCaptureDeviceClass Civil_View_Sight_Checker__Calc Lighting_Analysis_Overlay dSightRender PhysicalMaterialManager Offset_Manager_GUP Open_Edges Missing_UVW_Coordinates Overlapping_Vertices MassFX_Loader_Linkage PolyToolsSelect PolyToolsModeling PolyToolsTopology PolyToolsPolyDraw PolyToolsPaintDeform PolyToolsShift PolyToolsUVWTweak Particle_Flow_Tools_Global_Utility MaterialPreviewer Overlapped_UVW_Faces FltGUP MapMtlClipboard Isolated_Vertices Faces_Orientation Caddy Overlapping_Faces xView Asset_Library_Launcher OneClick Scene_Converter Particle_Flow_Global_Actions AutoCam Flipped_UVW_Faces PhysXPanelGlobalUtilityPlugin Multiple_Edges Arnold_Shaders_Loader SMEGUP Box_2_Global_Utility Base_LayerBase_Layer Diffuse Lighting_Analysis_Data ART_Renderer_Noise_Filter Lumination_Render_Element Luminance_Render_Element Illumination_Render_Element Illuminance_Render_Element HairRenderElement Missing_Render_Element_Plug_in AnchorCustomAttribute Flight_Studio_Bitmap_Class_Name CamMatchDataCustAttrib Physical_Camera_Exposure_Control NitrousRenderWorldGenFragment DefaultLightWorldGenFragment ActiveShadeFragment BlendFragment GhostRenderFragment GhostFrameFragment SelectionPreviewFragment NitrousLightWorldGenFragment WireframeFragment GammaCorrectionFragment FastShadingFragment NPRFragment CacheSubGraphOutputFragment FragmentGraph ObtainRenderTargetFragment NitrousPostSceneWorldGenFragment TooltipFragment PreSceneFragment DisplayAdaptiveDegradeResultFragment DepthFragment ColorTargetToPresentableTargetFragment GizmoFragment UpdatePerViewWorldGenFragment MemoryTargetToOGSTargetFragment AnaglyphFragment GhostWorldGenFragment PostSceneFragment ToneMappingFragment BackgroundFragment BlitFragment ClayFragment ReflectionFragment XORRenderFragment OverlayFragment StereoFragment IlluminanceFragment SelectionFragment NitrousPreSceneWorldGenFragment offsetTimer Set_Key_Crtl CATMonoGraph Float_XRef_Controller CATHierarchyBranch CATMotionLimb Retimer CATHierarchyLeaf CATStepShape CATSpineData2FloatController CATBoneData CATWeight Populate CATFootLift Daylight_Slave_Intensity_Controller CATLiftOffset CATKneeAngle LayerFloat LayerInfo Ease CATLiftPlantMod CATMotionLayer CATHierarchyRoot LinkTimeControl CATWeightShift CATPivotRot SlaveFloat DigitDataFloatController Biped_SubAnim CATLimbData2FloatController Float_Reactor MocapLayer Expose_Float_Control LayerWeights LayerRoot CATFootBend SharedMotionFlowsFloatController Sunlight_Slave_Intensity_Controller Reservoir CATLegWeight Motion_ClipFloatController CATPivotPos Noise_float Waveform_Float On_Off FileLink_LinkTable LOD_Controller AlembicFloat float_ListDummyEntry Float_Motion_Capture Missing_Float_Control Bezier_Point2 Point3_XRef_Controller CATPoint3 CATMotionTail Missing_Point3_Control CATParentTrans CATDummyMoveMask ArbBone HdlTrans LayerMatrix3 CATGizmoTransform CATDigitSegTrans HubTrans CATMotionHub2 CATBoneDataMatrix3Controller CATMotionPlatform Daylight_Slave_Controller PopSegControl CATRigRootNodeCtrl MCG_rotationalSpring1DOFTransform PopSkinControl CATBoneSegTrans IKTargTrans PalmTrans TailTrans CATTransformOffset CATSpineTrans2 MCG_rotationalSpring3DOFTransform MCG_rayToSurfaceTransform LayerTransform AlembicXform CATCollarBone CATHIPivotTrans CATHDPivotTrans CATFootTrans2 Civil_View_Path___Surface_Constraint Civil_View_Path___Surface_ConstraintMatrix3ControllerMatrix3Controller Civil_View_Path___Surface_ConstraintMatrix3Controller Sunlight_Slave_Controller MCG_rayToSurfacePosition CATUnitsPosition Position_Reactor Noise_position Attachment Surface_position position_ListDummyEntry Position_Motion_Capture Missing_Position_Control MCG_rayToSurfaceOrientation CATMotionTailRot CATMotionRot MCG_lookAt CATMotionRotRotationController Rotation_Motion_Capture Missing_Rotation_Control CATUnitsScale Civil_View_Traffic_Data_Constraint SceneAppData_Latch RetimerMasterCtrl MasterLayerControlManager Batch_Render_ManagerCtrlUserDataTypeClass Master_Layer Max_Mixer_Clip MaxMotionClipMaster Scene_State_ManagerCtrlUserDataTypeClass Missing_User_Type_Control Point4_XRef_Controller TempObjectClass Operator_EdgeOutput Operator_FaceInput Operator_FaceOutput Operator_Normalize Operator_XYZSpace Operator_ComponentSpace Operator_Curvature Operator_Velocity Operator_Scale Operator_Decay Operator_Distort Operator_GeoQuantize Operator_Clamp Operator_EdgeInput Operator_TransformElements Operator_Invert Operator_Point3_To_Float Operator_Vector Operator_TensionDeform Operator_ColorElements Operator_Curve Operator_Smooth Operator_Maxscript Operator_VertexOutput Operator_ConvertToSubObjectType Operator_DeltaMush Operator_NodeInfluence Operator_VertexInput Missing_DataChannelEngine Boolean2ObjectManager</Keywords>
            <Keywords name="Keywords5">true false continue macroscript mapped not of off on or random return select set then throw to try when undefined unsupplied</Keywords>
            <Keywords name="Keywords6">selection dotNet. pathConfig. pattern: ignoreCase: e. arg. objXRefMgr. xRefs. meshOps. AtsOps. AssetManager. # sender. pathConfig. renderers. macros. mapPaths. MatEditor. biped. sessionPaths. id: to: dialogMonitorOps. &amp; $ ATSOpsSys. ATSOpsRelink. title: viewport. SME name: numsubs: diffuseMap: stringStream string dotNetClass dotNetObject</Keywords>
            <Keywords name="Keywords7">= == !=</Keywords>
            <Keywords name="Keywords8">classOf superClassOf MAXWrapper MAXWrapperNonRefTarg AttributeDef node GenDerivedObjectClass ParamBlock ObRefModAppClass AxisDisplayClass GeometryClass camera light shape helper System ParamBlock2 ReferenceMaker ReferenceTarget modifier SpacewarpModifier SpacewarpObject ImporterPlugin ExporterPlugin BitmapStorageClass BitmapFilterClass BitmapIO UserDataTypeClass material textureMap UVGenClass XYZGenClass TexOutputClass SoundClass VideoPostFilter RendererClass BezierFontLoaderClass atmospheric UtilityPlugin trackViewUtility MotionCaptureDeviceBindingClass MotionCaptureDeviceClass renderEffect filter Shader colorPicker Shadow GlobalUtilityPlugin Base_Layer SchematicViewUtility IKSolver RenderElement BakeElement CustAttrib RadiosityEffect ToneOperator MPassCamEffect GraphicsFragmentPlugin floatController Point2Controller point3Controller Matrix3Controller positionController rotationController scaleController MorphController CtrlUserDataTypeClass MasterPointController MasterBlockController point4Controller TemporaryMergeNodeObjectClass IDataChannelEngineClass SingleWeakRefMakerClass BooleanObjectManagerClass TrackBarClass</Keywords>
            <Keywords name="Delimiters">00&quot; 01\ 02&quot; 03fn 04 05= 06@&quot; 07 08&quot; 09[ 10, 11] 12 13 14 15 16 17 18 19 20 21 22 23</Keywords>
        </KeywordLists>
        <Styles>
            <WordsStyle name="DEFAULT" fgColor="000000" bgColor="FFFFFF" fontName="Verdana" fontStyle="0" fontSize="11" nesting="0" />
            <WordsStyle name="COMMENTS" fgColor="017E07" bgColor="F4F4F4" fontName="" fontStyle="0" nesting="768" />
            <WordsStyle name="LINE COMMENTS" fgColor="008040" bgColor="F8F8F8" fontName="Comic Sans MS" fontStyle="0" nesting="0" />
            <WordsStyle name="NUMBERS" fgColor="008000" bgColor="FFFFFF" fontName="Verdana" fontStyle="0" fontSize="11" nesting="0" />
            <WordsStyle name="KEYWORDS1" fgColor="0000A0" bgColor="FFFFFF" fontName="Verdana" fontStyle="1" nesting="0" />
            <WordsStyle name="KEYWORDS2" fgColor="0000A0" bgColor="FFFFFF" fontName="Verdana" fontStyle="1" nesting="0" />
            <WordsStyle name="KEYWORDS3" fgColor="0080C0" bgColor="FFFFFF" fontName="Verdana" fontStyle="0" nesting="0" />
            <WordsStyle name="KEYWORDS4" fgColor="008040" bgColor="FFFFFF" fontName="Verdana" fontStyle="0" fontSize="11" nesting="0" />
            <WordsStyle name="KEYWORDS5" fgColor="0080FF" bgColor="FFFFFF" fontName="Verdana" fontStyle="2" fontSize="11" nesting="0" />
            <WordsStyle name="KEYWORDS6" fgColor="8000FF" bgColor="FFFFFF" fontName="Verdana" fontStyle="0" nesting="0" />
            <WordsStyle name="KEYWORDS7" fgColor="0080FF" bgColor="FFFFFF" fontName="" fontStyle="1" nesting="0" />
            <WordsStyle name="KEYWORDS8" fgColor="0080C0" bgColor="FFFFFF" fontName="Verdana" fontStyle="0" fontSize="11" nesting="0" />
            <WordsStyle name="OPERATORS" fgColor="8000FF" bgColor="FFFFFF" fontName="" fontStyle="0" fontSize="14" nesting="0" />
            <WordsStyle name="FOLDER IN CODE1" fgColor="004242" bgColor="FFFFFF" fontName="Verdana" fontStyle="1" nesting="0" />
            <WordsStyle name="FOLDER IN CODE2" fgColor="00FFFF" bgColor="FFFFFF" fontName="" fontStyle="0" nesting="0" />
            <WordsStyle name="FOLDER IN COMMENT" fgColor="000000" bgColor="FFFFFF" fontName="Comic Sans MS" fontStyle="0" nesting="0" />
            <WordsStyle name="DELIMITERS1" fgColor="800080" bgColor="FFFFFF" fontName="" fontStyle="0" nesting="0" />
            <WordsStyle name="DELIMITERS2" fgColor="000080" bgColor="FFFFFF" fontName="Verdana" fontStyle="1" fontSize="10" nesting="0" />
            <WordsStyle name="DELIMITERS3" fgColor="00753A" bgColor="D9FBD7" fontName="" fontStyle="0" nesting="0" />
            <WordsStyle name="DELIMITERS4" fgColor="0000FF" bgColor="FFFFFF" fontName="Comic Sans MS" fontStyle="0" nesting="0" />
            <WordsStyle name="DELIMITERS5" fgColor="0080FF" bgColor="FFFFFF" fontName="" fontStyle="2" nesting="0" />
            <WordsStyle name="DELIMITERS6" fgColor="000080" bgColor="FFFFFF" fontName="Verdana" fontStyle="1" nesting="0" />
            <WordsStyle name="DELIMITERS7" fgColor="0080FF" bgColor="FFFFFF" fontName="" fontStyle="0" nesting="0" />
            <WordsStyle name="DELIMITERS8" fgColor="000000" bgColor="FFFFFF" fontName="" fontStyle="0" nesting="0" />
        </Styles>
    </UserLang>
</NotepadPlus>
