{
	"$schema": "https://raw.githubusercontent.com/martinring/tmlanguage/master/tmlanguage.json",
	"name": "maxscript",
	"fileTypes": [ "ms", "mse", "mcr" ],
	"foldingStartMarker": "(-{2})?\\(\\s*$",
	"foldingStopMarker": "^\\s*(-{2})?\\s*\\)",

	"patterns": [
		{ "include": "#basic-punctuation"},
		{ "include": "#braces"},
		{ "include": "#variable"},
		{ "include": "#comment" },
		{ "include": "#keywords" },
		{ "include": "#strings" },
		{ "include": "#numeric" },
		{ "include": "#constant" },
		{ "include": "#storage" },
		{ "include": "#meta" },
		{ "include": "#support"},
		{ "include": "#struct-class-interface"}
	],

	"repository": {
		"braces":{
			"patterns": [
				{
					"name": "punctuation.section.brackets.begin",
					"match": "\\["
				},
				{
					"name": "punctuation.section.brackets.end",
					"match": "\\]"
				},
				{
					"name": "punctuation.section.braces.begin",
					"match": "\\{"
				},
				{
					"name": "punctuation.section.braces.end",
					"match": "\\}"
				},
				{
					"name": "punctuation.section.block.begin",
					"match": "\\("
				},
				{
					"name": "punctuation.section.block.end",
					"match": "\\)"
				}
			]
		},
		"basic-punctuation": {
			"patterns": [
				{
					"name": "punctuation.terminator.statement.maxscript",
					"match": ";"
				},
				{
					"name": "punctuation.delimiter.comma.maxscript",
					"match": ",(?!\\d)"
				},
				{
					"name": "punctuation.delimiter.period.maxscript",
					"match": "\\.(?!\\d)"
				},
				{
					"name": "punctuation.definition.variable.maxscript",
					"match": "(\\$|:{2})(\\w+)"
				},
				{
					"name":"punctuation.definition.byref.keyword.maxscript",
					"match": "(&)(?=\\w)"
				}
			]
		},
		"comment": {
			"patterns": [
				{
					"name": "comment.line.maxscript",
					"begin":"--",
					"end":"$",
					"captures": {
						"1":{"name":"punctuation.definition.comment.maxscript"}						
					}
				},
				{
					"name":"comment.block.maxscript",
					"begin": "/\\*",
					"end":"\\*/",
					"captures":{
						"1":{"name":"punctuation.definition.comment.maxscript"}
					}
				}
			]
		},
		"keywords": {
			"patterns": [
				{
					"name":"keyword.operator.maxscript",
					"match": "(?i)(?:(\\+=?|\\*=?|-=?|\\/=?|\\^|!?=|={1,2}|<=?|>=?|\\\\))"
				},
				{
					"name":"keyword.operator.word.maxscript",
					"match": "(?i)((?<![.$])\\b(and|at|as|by|in|not|or|to)\\b(?!\\s*(:[^:]|[.])))"
				},
				{
					"name": "keyword.control.maxscript",
					"match": "(?i)\\b(?<![\\.\\$])(case|catch|collect|continue|do|of|else|exit|for|if|return|set|then|throw|try|undo|when|where|while|with)\\b(?!\\s*(:[^:]|[.]))"
				},
				{
					"name":  "keyword.other.maxscript",
					"match": "(?i)(?<![.$])\\b(max|animate|from)\\b(?!\\s*(:[^:]|[.]))"
				}
			]
		},
		"strings": {
			"patterns": [
				{
					"name":"string.localized.maxscript",
					"begin": "~",
					"end": "~",
					"beginCaptures": {
						"0": {"name":"punctuation.definition.localized.string.begin.maxscript"}
					},
					"endCaptures": {
						"0": {"name": "punctuation.definition.localized.string.end.maxscript"}
					},
					"patterns": [
						{
							"name":  "constant.character.escape.maxscript",
							"match": "\\\\(\\*|\\?|\\\\|\\')"
						}
					]
				},
				{
					"name": "string.quoted.double.maxscript",
					"begin": "(?<!@)\"",
					"end": "\"",
					"beginCaptures": {
						"0": {"name":"punctuation.definition.string.begin.maxscript" }
					},
					"endCaptures": {
						"0": {"name":"punctuation.definition.string.end.maxscript"}
					},
					"patterns": [
						{
							"name": "constant.character.escape.maxscript",
							"match": "\\\\(\"|n|r|t|\\*|\\?|\\\\|%|x[A-Fa-f0-9]+)"
						}
					]
				},
				{
				"name":  "string.quoted.double.verbatim.maxscript",
				"begin": "(@)(\")",
				"end":   "\"",
				"beginCaptures": {
					"1": {"name": "punctuation.definition.string.verbatim.begin.maxscript" },
					"2": {"name":"punctuation.definition.string.begin.maxscript"}
				},
				"endCaptures":   {"0": {"name": "punctuation.definition.string.end.maxscript" }}
				},
				{
					"name":  "string.quoted.single.maxscript",
					"begin": "'",
					"end":   "'",
					"beginCaptures": {
						"0": {"name":"punctuation.definition.string.begin.maxscript" }
					},
					"endCaptures": {
						"0": {"name": "punctuation.definition.string.end.maxscript"}
					},
					"patterns": [{
						"name":  "constant.character.escape.maxscript",
						"match": "\\\\(\\*|\\?|\\\\|\\')"
					}]

				},
				{
					"name":  "string.other.name.maxscript",
					"match": "(#)(?:('[^']*')|(\\w+))",
					"captures": {
						"1": {"name": "punctuation.definition.name.begin.maxscript"},
						"2": {"name": "punctuation.definition.name.quoted.maxscript"},
						"3": {"name": "punctuation.definition.name.unquoted.maxscript"}
					}
				}
			]
		},
		"meta": {
			"patterns":[
				{
					"name":"meta.definition.struct.maxscript",
					"match": "(?i)\\b(struct)\\b\\s+(\\w+)",
					"captures": {
						"1":{"name":"entity.type.struct.maxscript"},
						"2":{"name":"entity.name.struct.maxscript"}
					}
				},
				{
					"name":"meta.definition.function.maxscript",
					"begin":"(?i)\\b(?:(mapped)\\s+)?(fn|function)\\s+(\\w+)",
					"end":"=",
					"beginCaptures": {
						"1": {"name": "entity.modifier.function.maxscript"},
						"2": {"name": "entity.type.function.maxscript"},
						"3": {"name": "entity.name.function.maxscript"}						
					},
					"endCaptures": {
						"0": {"name": "keyword.operator.maxscript"}
					},
					"patterns": [
						{
							"match": "(?<=\\w|\\))(?:\\s*\\b([0-9]*[A-Za-z_]+\\w*)\\b(?=\\s*\\w|\\s*\\=))",
							"captures": {
								"1": {"name": "entity.parameter.function.maxscript"}
							}
						},				
						{"include": "#basic-punctuation"},
						{"include": "#braces"},
						{"include": "#constant"},
						{"include": "#keywords"},
						{"include": "#storage"},
						{"include": "#strings"},
						{"include": "#support"},
						{"include": "#variable"}
					]
				},
				{
					"name":"meta.definition.event.maxscript",
					"begin": "(?im)^\\s*\\b(on)\\b",
					"end": "(?i)\\b(do|return)\\b",
					"beginCaptures": {
						"1":{"name":"entity.type.event.maxscript"}
					},
					"endCaptures": {
						"1": {"name": "keyword.control.maxscript"}
					},
					"patterns": [
						{
							"match": "(?i)(?<=on)\\s+(\\b\\w+)\\s+(?=\\b(do|return)\\b)",
							"captures": {
								"1":{"name":"entity.name.event.maxscript"}
							}
						},
						{
							"match":"(?i)(?<=on)\\s+(\\b\\w+)\\s+(\\b\\w+)\\s+(?=\\b(do|return)\\b)",
							"captures":{
								"1":{"name":"entity.target.event.maxscript"},
								"2":{"name":"entity.name.event.maxscript"}
							}
						},
						{
							"match":"(?i)(?<=on)\\s+(\\w+\\b)\\s+(\\w+\\b)((?:\\s+(?!do|return)\\w+)+)",
							"captures":{
								"1":{"name":"entity.target.event.maxscript"},
								"2":{"name":"entity.name.event.maxscript"},
								"3":{"name":"entity.argument.event.maxscript"}
							}
						}
					]
				},
				{
					"name": "meta.definition.utility.maxscript",
					"match": "(?i)\\b(macroscript|parameters|plugin|rcmenu|rollout|tool|utility)\\b\\s+(\\w+)",
					"captures": {
						"1":{"name":"entity.type.utility.maxscript"},
						"2":{"name":"entity.name.utility.maxscript"}
					}
				}

			]
		},
		"variable":{
			"patterns": [
				{
					"name":"variable.property.maxscript",
					"match": "(?<=\\.)([0-9]*[A-Za-z_]+\\w*)(?=\\s*\\=)"
				},
				{
					"name":"variable.parameter.maxscript",
					"match": "(?<=\\.)([0-9]*[A-Za-z_]+\\w*)(?!\\s*\\=)"
				},
				{
					"name":"variable.reference.maxscript",
					"match":"(?<!\\.)([0-9]*[A-Za-z_]+\\w*)(?=\\.)"
				},
				{
					"name":"variable.language.maxscript",
					"match": "(?i)\\b(this)\\b"
				},
				{
					"name": "variable.other.maxscript",
					"comment": "Matches keyword assignment in function calls and definitions (e.g., fn add flag:#optional)",
					"match":   "\\b(\\w+)\\b(?=:)",
					"captures": {
						"1":{"name":"variable.other.name.maxscript"}
					}

				}
			]
		},
		"constant":{
			"patterns": [
				{
					"name": "constant.numeric.integer.maxscript",
					"match": "(?<!\\.)\\b[+-]?\\d+(?!\\.)\\b"
				},
				{
					"name":"constant.numeric.float.maxscript",
					"match": "\\b(\\d+)(\\.\\d+([Ee]([+-])?\\d+)?)\\b"
				},
				{
					"name":"constant.numeric.float.no-trailing.maxscript",
					"match": "\\b(\\d+)(\\.)(?!\\w)"
				},
				{
					"name":  "constant.numeric.float.no-leading.maxscript",
					"match": "(?<!\\w)(\\.)(\\d+([eE]([+-])?\\d+)?)"
				},
				{
					"name":  "constant.numeric.time.maxscript",
					"match": "(?<!\\w|\\.)(?:\\d*\\.\\d+|\\d+\\.?\\d*)[msft](?:(?:\\d+|\\d*\\.\\d*)[msft])*"
				},
				{
					"name":  "constant.numeric.time.smpte.maxscript",
					"match": "(?<!\\w)\\d+:\\d*\\.\\d*(?!\\w)"
				}, 
				{
					"name":  "constant.numeric.time.normalised.maxscript",
					"match": "(?<!\\w|\\.)(?:\\d*\\.\\d+|\\d+\\.?\\d*)n(?!\\w)"
				},
				{
					"name":  "constant.language.boolean.maxscript",
					"match": "(?i)\\b(?<![\\.\\$])(true|on|false|off)(?!\\s*:)\\b"
				},
				{
					"name":  "constant.language.math.maxscript",
					"match": "(?i)\\b(?<![\\.\\$])(pi|e)(?!\\s*:)\\b"
				},
				{
					"name":  "constant.language.colour.maxscript",
					"match": "(?i)\\b(?<![\\.\\$])(red|green|blue|white|black|orange|yellow|brown|gray)(?!\\s*:)\\b"
				},
				{
					"name":  "constant.language.axis.maxscript",
					"match": "(?i)\\b(?<![\\.\\$])[xyz]_axis(?!\\s*:)\\b"
				},
				{
					"name":  "constant.language.ok.maxscript",
					"match": "(?i)\\b(?<![\\.\\$])ok(?!\\s*:)\\b"
				},
				{
					"name":  "constant.language.null.maxscript",
					"match": "(?i)\\b(?<![\\.\\$])(undefined|unsupplied)(?!\\s*:)\\b"
				},
				{
					"name":  "constant.language.dontcollect.maxscript",
					"match": "(?i)\\b(?<![\\.\\$])dontcollect(?!\\s*:)\\b"
				},
				{
					"name": "constant.other.hex.maxscript",
					"match": "\\b(0x\\w+)\\b"
				}
			]
		},
		"storage":{
			"patterns": [
				{
					"name": "storage.modifier.maxscript",
					"match": "(?i)(?<![\\.\\$])\\b(about|coordsys|global|local|mapped|private|public|persistent)\\b(?!\\s*[:.])"
				},
				{
					"name": "storage.type.array.maxscript",
					"begin": "(#)\\s*(\\()",
					"end": "\\)",
					"beginCaptures":{
						"1": {"name": "keyword.definition.array.begin.maxscript"},
						"2": {"name": "punctuation.section.block.begin"}
					},
					"endCaptures":{
						"0": {"name": "punctuation.section.block.end"}
					},
					"patterns": [
						{"include": "$self"},
						{"include": "#braces"}			
					]
				},
				{
					"name": "storage.type.bitarray.maxscript",
					"patterns": [{"include": "$self"}],
					"begin": "(#)\\s*(\\{)",
					"end": "\\}",
					"beginCaptures":{
						"1": {"name": "keyword.definition.bit.array.begin.maxscript"},
						"2": {"name": "punctuation.section.braces.begin"}
					},
					"endCaptures":{
						"0": {"name": "punctuation.section.braces.end"}
					}
				},
				{
					"name":  "storage.type.bit-range.maxscript",
					"match": "(?<!\\$)\\b(\\d+)(\\.{2})(\\d+)\\b",
					"captures": {
						"1": {"name": "storage.type.bit-range.begin.maxscript"},
						"2": {"name": "storage.type.bit-range.middle.maxscript"},
						"3": {"name": "storage.type.bit-range.end.maxscript"}
					}
				},
				{
					"name":"storage.type.number.maxscript",
					"match": "(?i)\\b(Float|Integer|Time|Double|Integer64|IntegerPtr)\\b(?!\\s*[:.])"
				},
				{
					"name":"storage.type.string.maxscript",
					"match": "(?i)\\b(String|StringStream|Name)\\b"
				},
				{
					"name": "storage.type.primitive.maxscript",
					"match": "(?i)\\b(Point3|Point2|Ray|Quat|AngleAxis|EulerAngles|Matrix3|BigMatrix|BigMatrixRowArray|Box2|Box3|Bitmap|FileStream|WindowStream|BinStream|MAXKey|DataPair)\\b(?!\\.|:)"
				}
			]
		},
		"struct-class-interface":{
			"patterns": [
				{	
					"name": "support.type.StructDef.maxscript",
					"match": "(?i)\\b(AMG|AssertReporter|AssetMetadata_StructDef|AttachCtrl|BezierDefaultParams|CAT_ParamBlock|CAT_UIItem|CAT_UIItem2|CINCfg|CombustionWorkSpace|ControlValLookup_struct|DOF|DebugVisualizerGroup_struct|DebugVisualizerParam_struct|DontShowAgainDialog|Filters|ILayerManager|IMouseDragger|KeyVal_struct|LE|LinkCtrl|ListCtrl|ListViewOps|MCGParameterOps|Main_Ribbon|MatEditor|MultiEdit_ControlInfo_struct|NURMS_CageSelected_ColorSwatch|NURMS_Cage_ColorSwatch|NodeExposureInterface|ObjectPaintStruct|PolyBoostStruct|PolyToolsUIstruct|ProceduralContentOps|PromptForNameHandler_struct|PxRolloutInfo_struct|RElement|RTT_methods_struct|Ribbon_Modeling|SetVertexColorColor_ColorSwatch|SetVertexColorIllum_ColorSwatch|Snaps|SortedArray_Struct|TCBDefaultParams|TreeViewWraps|VFB_ViewportInfo|VFB_ViewportInfoEntry|VFB_methods_struct|VLD|VRSceneExportInfo|VertexSelect_ColorSwatch|WAVsound|assetBrowser|autoBackup|biped|bit|boolObj|cacheOps|callbacks|cameraFOV|crowds|cui|custAttributes|cwschannel|cwscomposite|cwskey|cwsobject|cwsoperator|delegates|displayColor|dotNet|envEffectsDialog|fileProperties|flexOps|globalMotionClipOps|globalVars|gw|hideByCategory|ik|internet|keyboard|lightCreationToolStr|listview|macros|mapPaths|mcrUtils|meditUtilities|meshOps|meshop|mlpop_struct_populateObject|mocap|modPanel|mouse|mtlBrowser|options|patch|patchOps|pathConfig|pathConfig|persistents|pluginPaths|pointCacheMan|polyOps|polyop|preferences|pxNodeKeys|px_multiedit_methods_struct|refs|registry|renderSceneDialog|renderers|rolloutCreator|scanlineRender|schematicView|sessionPaths|setKey|skinOps|snapMode|splineOps|surfaceArriveBhvr|sxmlIO|symbolicPaths|sysInfo|systemTools|tabbedDialogs|terrainOps|theHold|themixer|timeConfiguration|toolMode|trackbar|units|uvwManipUtils|vfields|viewport|windows|xrefPaths|xrefs)\\b(?!\\s*:)"
				},
				{
					"name": "support.class.maxscript",
					"match": "(?i)\\b(3D_Studio|3D_StudioExporterPlugin|3D_Studio_Shape|A360RendererPresetsHelper|A360_Cloud_Rendering|ACIS_SAT|ADT_Category|ADT_Object_Manager|ADT_Object_Manager_Wrapper|ADT_Style|ADT_StyleComposite|ADT_SyleLeaf|ART_Renderer|ATF_Alias_importer|ATF_CATIA_V4_importer|ATF_CATIA_V5_importer|ATF_IGES_importer|ATF_JT_importer|ATF_ProE_importer|ATF_STEP_importer|ATF_Solidworks_importer|ATF_UG_NX_importer|ATSMax|AVI|ActiveShadeFragment|Adjust_Color_Tool|AdobeT1|Adobe_Illustrator|Adobe_Illustrator_Shape|AdvOutline|Adv__Ray_Traced|Advanced_Lighting_Override|Affect_Region|Age_Test|AlembicCamera|AlembicContainer|AlembicObject|AlembicXform|Alembic_Export|Alembic_Import|AlphaMap|Ambient_Occlusion|AmountChange|AnaglyphFragment|Anchor|AnchorCustomAttribute|Anisotropic|Apollo_Param_Container|ApplyUVAsColor|ApplyUVAsHSLColor|ApplyUVAsHSLGradient|ApplyUVAsHSLGradientWithMidpoint|ArbBone|Arc|Arch___Design__mi|Architectural|Area|Area_Shadows|AsciiExp|Asset_Browser|Asset_Library_Launcher|Assign_Vertex_Colors|Atmosphere|Attachment|AudioClip|AudioFloat|AudioPoint3|AudioPosition|AudioRotation|AudioScale|AutoCADImport|AutoCam|Auto_Secondary_Element|Autodesk_Map|Autodesk_Material|Automatic_Exposure_Control|Avoid_Behavior|Awning|Axis_Helper|BMP|Background|BackgroundFragment|BackgroundRenderElement|Barycentric_Morph_Controller|Base_LayerBase_Layer|Batch_ProOptimizer|Batch_Render_Manager|Batch_Render_ManagerCtrlUserDataTypeClass|Beauty|Bend|Bevel|BevelProfileUtilityInterface|Bevel_Profile|Bezier_Point2|BiFold|Billboard|BipSlave_Control|Biped_Object|Biped_SubAnim|Birth|BirthGrid|BirthStream|Birth_File|Birth_Group|Birth_Paint|Birth_Script|Birth_Texture|BitmapPagerData|BitmapProxyManagerImp_Latch|BitmapProxy_Config_Dialog|Bitmap_Photometric_Paths|Bitmaptexture|Blackman|Blend|BlendFragment|BlendMap|BlendRenderElement|BlendedBoxMap|Blendfilter|Blinn|BlitFragment|Blizzard|BlobMesh|Block|Block_Control|Block_Manager_Wrapper|BlurWind|Body_Cutter|Body_Object|Body_Utility|Bomb|Bombbinding|Bone|BoneGeometry|Bones|Boolean2|Boolean2ObjectManager|Boolean3|Box|BoxGizmo|Box_2_Global_Utility|Bricks|Brightness_and_Contrast|Bulge_Angle_Deformer|CATBone|CATBoneData|CATBoneDataMatrix3Controller|CATBoneSegTrans|CATCollarBone|CATDigitSegTrans|CATDummyMoveMask|CATFootBend|CATFootLift|CATFootTrans2|CATGizmoTransform|CATHDPivotTrans|CATHIPivotTrans|CATHierarchyBranch|CATHierarchyLeaf|CATHierarchyRoot|CATKneeAngle|CATLegWeight|CATLiftOffset|CATLiftPlantMod|CATLimbData2|CATLimbData2FloatController|CATMonoGraph|CATMotionHub2|CATMotionLayer|CATMotionLimb|CATMotionPlatform|CATMotionRot|CATMotionRotRotationController|CATMotionTail|CATMotionTailRot|CATMuscle|CATParent|CATParentTrans|CATPivotPos|CATPivotRot|CATPoint3|CATRigRootNodeCtrl|CATSpineData2|CATSpineData2FloatController|CATSpineTrans2|CATStepShape|CATTransformOffset|CATUnitsPosition|CATUnitsScale|CATWeight|CATWeightShift|CESSENTIAL_Direct|CESSENTIAL_Emission|CESSENTIAL_Indirect|CESSENTIAL_Reflect|CESSENTIAL_Refract|CESSENTIAL_Translucency|CESSENTIAL_Volumetrics|CFDColorVerticesMod|CFDImportData|CFDInterpOnSpline|CFDKeepNVertices|CFDSplineNode|CFDSplinePaths|CFDVelocityField|CFDVertexPaintChannel|CFDVertexPaintVelocity|CFractal|CGeometry_NormalsDotProduct|CGeometry_NormalsGeometry|CGeometry_NormalsShading|CGeometry_UvwCoords|CGeometry_Velocity|CGeometry_WorldPosition|CGeometry_ZDepth|CIN|CInfo_NetworkRenderDebugging|CInfo_RenderStamp|CInfo_SamplingFocus|CMB|CMasking_ID|CMasking_Mask|CMasking_WireColor|COM_DCOM_Server_Control|CProxy|CScatter|CShading_Albedo|CShading_Alpha|CShading_Beauty|CShading_BloomGlare|CShading_Components|CShading_LightMix|CShading_LightSelect|CShading_RawComponent|CShading_Shadows|CShading_SourceColor|CTexmap|CV_Curve|CV_Curveshape|CV_Surf|CVrWarp|C_Ext|Cache|CacheFile|CacheSubGraphOutputFragment|Cache_Disk|Cache_Selective|Caddy|CamMatchDataCustAttrib|CamPerspCorrect|CamPoint|CameraMap|CameraMapSpaceWarp|Camera_Culling|Camera_IMBlur|Camera_Map_Per_Pixel|Camera_Match|Camera_Tracker|Cap_Holes|Capsule|Captured_Object_State|Casement|Catmull_Rom|Cellular|Chamfer|ChamferBox|ChamferCyl|Channel_Info|Character|CharacterAssembly|Checker|Circle|CivilView_Alignment|CivilView_Pipe|Civil_Structure|Civil_View_Divide_Spline|Civil_View_Guard_Rail|Civil_View_Path___Surface_Constraint|Civil_View_Path___Surface_ConstraintMatrix3Controller|Civil_View_Path___Surface_ConstraintMatrix3ControllerMatrix3Controller|Civil_View_Road_Marking|Civil_View_Sight_Checker__Calc|Civil_View_Spline_to_Mesh|Civil_View_Swept_Object|Civil_View_Traffic_Data_Constraint|ClayFragment|Clean_MultiMaterial|ClipAssigner|ClipState|Clip_Associations|Clone_and_Align_Tool|Cloth|CogControl|Collision|Collision_Spawn|ColorMap|ColorTargetToPresentableTarget|Color_Balance|Color_Clipboard|Color_Correction|Color_RGB|Color_RGBA|Combustion|Compass|CompleteMap|Component|CompositeTexturemap|Condition|Cone|Cone_Angle|Conform|ConformSpaceWarp|Connect|Container|Content_Browser|ControlContainer|ControlContainerGeometry|Convert|Convert_To_SubObject_Type|Cook_Variable|Cookie|Cool_Picker|Copy_Out|Crease|CreaseSet|Create_Out_of_Range_Keys|CrosFade|CrossSection|Crowd|CrowdAssignment|CrowdState|CrowdTeam|CrowdTransition|Cubic_Morph_Controller|Custom_Attributes_Presets|Custom_LPE|CylGizmo|Cylinder|D6Joint|DAEEXP|DAEIMP|DDS|DGS_Material__physics_phen|DWF_Exporter|DWG_Export|DWG_ExportExporterPlugin|DYNglobalShiftCustomAttributes|DYNrootNodeStore|DYNwheelRotationControllerAttributes|Damper|DataOpDeleteCatcher|DataViewGroup|Data_Channel|Data_Icon|Data_Operator|Data_Test|Daylight|DaylightAssemblyHead|Daylight_Slave_Controller|Daylight_Slave_Intensity_Controller|DefaultLightWorldGenFragment|Default_Color_Picker|Default_Scanline_Renderer|Default_Sound|Deflector|Deflectorbinding|Deformable_gPoly|Delegate|DeleteMesh|DeleteParticles|DeletePatch|DeleteSplineModifier|Dent|DepthFragment|Depth_of_Field|Depth_of_FieldMPassCamEffect|DialogMonitor|Diffuse|DigitData|DigitDataFloatController|DirectX_9_Shader|DirectX_9_ShaderReferenceTarget|Directionallight|Discretizator|Disp_Approx|Displace|Displace_Mesh|Displace_NURBS|Displacebinding|DisplayAdaptiveDegradeResultFragment|DisplayData|DisplayParticles|Display_Script|Donut|DoubleSided|Drag|DragMod|Dummy|DummyBitmapFilterClass|DummyRadMapClass|DwgLayerTable|DynBuilding|EPS_Image|Ease|Edge_Input|Edge_Output|Edit_Mesh|Edit_Normals|Edit_Patch|Edit_Poly|Edit_Spline|Editable_Patch|Editable_Poly|Editable_mesh|Egg|Ellipse|EmptyModifier|EmptyModifier_Old|Empty_Flow|Emulator|Engine_Local_Space|Euler_Filter|Euler_XYZ|Event|ExportHTR|ExposeTm|Expose_Euler_Control|Expose_Float_Control|Expose_Point3_Control|Express_Save|Extrude|FFDBox|FFDCyl|FFD_2x2x2|FFD_3x3x3|FFD_4x4x4|FFD_Binding|FFD_Select|FPToolbar|Face_Extrude|Face_Input|Face_Output|Faces_Orientation|Fade|Falloff_Manipulator|FastShadingFragment|FileLinkAsDwgImporter|FileLink_LinkTable|File_Link_Manager|File_Output|Fillet_Chamfer|Film_Grain|FilterMeshColorsByHue|Filter_kernel_plug_in_not_found|Find_Target|Fire_Effect|Fix_Ambient|Fixed|Flat_Mirror|Flex|Flight_Studio|Flight_Studio_Bitmap_Class_Name|Flipped_UVW_Faces|Float_Expression|Float_Layer|Float_Mixer_Controller|Float_Motion_Capture|Float_Reactor|Float_Wire|Float_XRef_Controller|Flow|FltGUP|FltImport|Fog|FogHelper|Foliage|FoliagetextureMap|Follow_Bank|Footsteps|Force|FragmentGraph|Free_Area|Free_Cylinder|Free_Disc|Free_Light|Free_Linear|Free_Sphere|Freecamera|FunctionReferenceTarget|GIF|GameExporter|GammaCorrectionFragment|Garment_Maker|Gengon|GeoSphere|GhostFrameFragment|GhostRenderFragment|GhostWorldGenFragment|GizmoFragment|Glass__physics_phen|Global_Clip_Associations|Global_Container|Global_Motion_Clip|Glow_Element|Go_To_Rotation|Gradient|GradientEdge|Gradient_GradCtlData|Gradient_Ramp|Gravitybinding|Greeble|Group_Operator|Group_Select|HDRI|HSDS|HairEffect|HairLightAttr|HairMaxUtility|HairMod|HairRenderElement|HairVrObject|Hair_Atmospheric|Hair_Atmospheric_Gizmo|Hair_GI_Atmospheric|HalfRound|HdlTrans|Hedra|HeightMap|Helix|HiddenUnselectedNodeCache|Hose|Hotspot_Manip|HubObject|HubTrans|IES_Sky|IES_Sun|IFL|IFL_Manager|IGES_Export|IKChainControl|IKControl|IKHISolver|IKLimb|IKTargTrans|IKTarget|IK_Chain_Object|IK_Controller|IK_ControllerMatrix3Controller|IK_Position_Controller|IK_Spline_End_Twist_Manip|IK_Spline_Start_Twist_Manip|IK_Swivel_Manip|IdleAreaObj|IlluminanceFragment|Illuminance_HDR_Data|Illuminance_Render_Element|Illumination_Render_Element|ImportHTR|ImportTRC|IndirectRefTargContainer|Initial_State|Ink|InkNPaint|Inline|InputCustom|InputStandard|Input_Proxy|Input_mParticles|Instance_Duplicate_Maps|Instance_Manager_Wrapper|InventorImport|Isolated_Vertices|JAngleData|JBinaryData|JBoolData|JColor3Data|JColorData|JFlagCtlData|JFlagSetData|JFloat3Data|JFloatData|JGradCtlData|JPEG|JPercent3Data|JPercentData|JSubtex|JWorld3Data|JWorldData|Join_Bodies|Joint_Angle_Deformer|Joystick_Input_Device|Joystick_Input_DeviceMotionCaptureDeviceBindingClass|Joystick_Input_DeviceMotionCaptureDeviceClass|Keep_Apart|KeyValueUtility|Keyboard_Input_Device|Keyboard_Input_DeviceMotionCaptureDeviceBindingClass|LOD|LOD_Controller|LZFlare_AutoSec_Base|LZFlare_AutoSec_Data|LZFlare_Aux_Data|LZFlare_Data|LZFlare_Glow_Data|LZFlare_Inferno_Data|LZFlare_ManSec_Base|LZFlare_ManSec_Data|LZFlare_Prefs_Data|LZFlare_Rays_Data|LZFlare_Rend_Data|LZFlare_Ring_Data|LZFlare_Star_Data|LZFlare_Streak_Data|LZFocus_Data|LZGlow_Aux_Data|LZGlow_Data|LZGlow_Rend_Data|LZHilight_Aux_Data|LZHilight_Data|LZHilight_Rend_Data|L_Ext|L_Type_Stair|LandXML___DEM_Model_Import|Lathe|Lattice|Laubwerk_GUP|LayerFloat|LayerInfo|LayerMatrix3|LayerRoot|LayerTransform|LayerWeights|Layer_Manager|Layer_Output|Lens_Effects|Lens_Effects_Flare_Filter|Lens_Effects_Focus_Filter|Lens_Effects_Glow_Filter|Lens_Effects_Hilight_Filter|Level_of_Detail|LightMap|LightMeter|Light_RollAngle_Manipulator|Light_Tracer|Light__Area|Light__Environment|Light__Point|Lighting|LightingMap|Lighting_Analysis_Data|Lighting_Analysis_Overlay|LinearShape|Linear_Exposure_Control|Lines|LinkBlockInstance|LinkBlockInstanceshape|LinkComposite|LinkCompositeshape|LinkLeaf|LinkLeafshape|LinkOriginPtHelper|LinkTimeControl|Link_Constraint|Link_Inheritance__Selected|Link_Transform|Linked_XForm|Local_Euler_XYZ|Lock_Bond|LockedMapWrapper|LockedMaterialWrapper|LockedModifierWrapper|LockedObjectWrapper|LockedObjectWrapper_Obsolete|Loft|LoftObject|Logarithmic_Exposure_Control|LookAt_Constraint|Luminaire|Luminance_HDR_Data|Luminance_Render_Element|Lumination_Render_Element|MACUtilities|MAXScript|MAXScriptIDataChannelEngineClass|MAX_File_Finder|MCG_Donut|MCG_MeshEdgesToSpline|MCG_SinWave|MCG_lookAt|MCG_rayToSurfaceOrientation|MCG_rayToSurfacePosition|MCG_rayToSurfaceTransform|MCG_rotationalSpring1DOFTransform|MCG_rotationalSpring3DOFTransform|MEditBkgnd|MIDI_Device|MIDI_DeviceMotionCaptureDeviceBindingClass|MIDI_DeviceMotionCaptureDeviceClass|MPG|MSCollision|Manual_Secondary_Element|MapMtlClipboard|MapScaler|MapScalerOSM|MapScalerSpaceWarp|Map_to_Material_Conversion|Mapping_Object|Marble|Mask|MassFX_Loader_Linkage|MassFX_RBody|MasterBlock|MasterLayerControlManager|Master_Controller_plugin_not_found|Master_Layer|Master_Motion_Clip|Master_Point_Controller|MaterialByElement|MaterialPreviewer|Material_Dynamic|Material_Frequency|Material_ID|Material_Static|Materialmodifier|Matrix3_Mixer_Controller|MatteRenderElement|MatteShadow|MaxMotionClipMaster|MaxRenderer_COM_Server|Max_Master_Clip|Max_Mixer_Clip|Max_MotionClip_Implementation|MaxscriptParticleContainer|Mb_select|Measure|Melt|MemoryTargetToOGSTarget|MeshProjIntersect|Mesh_Select|Mesher|MetalShader|Metal_Bump9|Metronome|MinMaxAvg|Missing_Atmospheric|Missing_Camera|Missing_Custom_Attribute_Plugin|Missing_Exposure_Control|Missing_Float_Control|Missing_GeomObject|Missing_Helper|Missing_Light|Missing_Matrix3_Control|Missing_Morph_Control|Missing_MotCapDev|Missing_Mtl|Missing_OSM|Missing_Point3_Control|Missing_Point4_Control|Missing_Position_Control|Missing_Radiosity|Missing_RefTarget|Missing_Render_Effect|Missing_Render_Element_Plug_in|Missing_Renderer|Missing_Rotation_Control|Missing_Scale_Control|Missing_Shader_Plug_in|Missing_Shadow_Type|Missing_Shape|Missing_SoundObj|Missing_System|Missing_TextureMap|Missing_Texture_Bake_Element|Missing_Texture_Output_Plug_in|Missing_UVGen|Missing_UVW_Coordinates|Missing_User_Type_Control|Missing_WSM|Missing_WSM_Object|Missing_XYZGen|Mitchell_Netravali|Mix|MocapLayer|Morph|Morph_Angle_Deformer|Morpher|MorpherMaterial|Motion_Blur|Motion_BlurMPassCamEffect|Motion_Capture|Motion_Clip|Motion_ClipFloatController|Motion_Clip_SlaveFloat|Motion_Clip_SlavePoint3|Motion_Clip_SlavePos|Motion_Clip_SlaveRotation|Motion_Clip_SlaveScale|Motor|MotorMod|Mouse_Input_Device|Mouse_Input_DeviceMotionCaptureDeviceBindingClass|Mouse_Input_DeviceMotionCaptureDeviceClass|Mtl__Caustics|Mtl__Diffuse|Mtl__Reflections|Mtl__Self_Illumination|Mtl__Translucency|Mtl__Transparency|MultiMatteElement|MultiOutputChannelTexmapToTexmap|MultiPainter|MultiRes|MultiTile|Multi_Layer|Multimaterial|Multimaterial_empty|Multiple_Delegate_Settings|Multiple_Delegates|Multiple_Edges|MusclePatch|Muscle_Handle|Muscle_Strand|NCurve_Sel|NPRFragment|NSurf_Sel|NURBSCurveshape|NURBSSurf|NURBS_Imported_Objects|NavInfo|Ngon|NitrousLightWorldGenFragment|NitrousPostSceneWorldGenFragment|NitrousPreSceneWorldGenFragment|NitrousRenderWorldGenFragment|NoMaterial|NoTexture|NodeMonitor|NodeTransformMonitor|Noise|Noise_float|Noise_point3|Noise_position|Noise_rotation|Noise_scale|Noisemodifier|Normal_Bump|Normalize_Spl|Normalmodifier|NormalsMap|Notes|NotesReferenceTarget|ObjAssoc|ObjExp|ObjImp|ObjectParameter|Object_Display_Culling|Object_ID|ObtainRenderTargetFragment|Offset_Manager_GUP|OilTank|OldBoolean|OldVertexPaint|Old_Point_Cache|Old_Point_CacheSpacewarpModifier|Omnilight|On_Off|OneClick|One_Click_Particle_Flow|OpenEXR|OpenFltExport|OpenSubdiv|Open_Edges|Operator_ColorElements|Operator_ComponentSpace|Operator_Curvature|Operator_DeltaMush|Operator_GeoQuantize|Operator_NodeInfluence|Operator_TensionDeform|Operator_TransformElements|Operator_VertexInput|Orbaz_Mix|Oren_Nayar_Blinn|Orientation_Behavior|Orientation_Constraint|OutputCustom|OutputNew|OutputStandard|OutputTest|Output_mParticles|Overlapped_UVW_Faces|Overlapping_Faces|Overlapping_Vertices|OverlayFragment|PB2Parameter|PBomb|PBombMod|PCloud|PDAlpha|PFActionListPool|PFArrow|PFBoxMeshWrapper|PFCapsuleMeshWrapper|PFConvexMeshWrapper|PFDataOperatorState|PFEngine|PFFileBirth__State|PFHelperPhysXWorldState|PFIntegrator|PFOperatorBirthStreamState|PFOperatorFacingShapeState|PFOperatorInstanceShapeState|PFOperatorMarkShapeState|PFOperatorMaterialDynamicState|PFOperatorMaterialFrequencyState|PFOperatorMaterialState|PFOperatorMaterialStaticState|PFOperatorPositionOnObjectState|PFOperatorSimpleBirthState|PFOperatorSimplePositionState|PFOperatorSprayBirthState|PFOperatorSprayPlacementState|PFPlaneMeshWrapper|PFSimpleActionState|PFSphereMeshWrapper|PFSystemPool|PFTestPhysXGlueState|PFTestSplitByAmountState|PFTriangleMeshWrapper|PF_NotifyDep_Catcher|PF_Source|PFlow_Collision_Shape|PMAlpha|POmniFlect|POmniFlectMod|PSD_I_O|PView_Manager|Paint|PainterInterface|PalmTrans|Panorama_Exporter|ParamBlock2ParamBlock2|ParamBlockParamBlock|ParameterCollectorCA|ParameterEditor|ParserLoader|ParticleChannelAngAxis|ParticleChannelBindingInfo|ParticleChannelBool|ParticleChannelComplex|ParticleChannelDeleteTracker|ParticleChannelFloat|ParticleChannelID|ParticleChannelINode|ParticleChannelINodeHandle|ParticleChannelIObject|ParticleChannelInt|ParticleChannelMap|ParticleChannelMatrix3|ParticleChannelMesh|ParticleChannelMeshMap|ParticleChannelMeshVis|ParticleChannelNew|ParticleChannelPTV|ParticleChannelPair|ParticleChannelPoint3|ParticleChannelQuat|ParticleChannelSel|ParticleChannelSimulationState|ParticleChannelTabTVFace|ParticleChannelTabUVVert|ParticleChannelTest|ParticleContainer|ParticleGroup|Particle_Age|Particle_Bitmap|Particle_Cache|Particle_Face_Creator|Particle_Flow_Global_Actions|Particle_Flow_Tools_Global_Utility|Particle_Flow_Utility|Particle_MBlur|Particle_Paint|Particle_Paint_Cursor|Particle_Skinner|Particle_View|Particle_View_Global_Actions|Particles|Paste_Skin_Weights|PatchDeform|Patch_Select|PathDeform|PathDeformSpaceWarp|Path_Constraint|Path_Follow|Path_FollowMod|Path_Follow_Behavior|Perlin_Marble|PersistentIsolationData|PersistentNodeSet|Perspective_Match|PhilBitmap|Phong|PhysXPanel|PhysXPanelGlobalUtilityPlugin|PhysXShapeConvex|PhysX_Debug_Visualizer|PhysX_and_APEX_Exporter|Physical|PhysicalMaterial|PhysicalMaterialManager|Physical_Camera_Exposure_Control|Physical_Sun___Sky_Environment|Physique|Pipe|PipeReferenceTarget|Pivoted|Placement_Paint|Plane|Plane_Angle|Planet|Plant|PlantImporterPlugin|Plate_Match_MAX_R2|Plug_in_Manager|PluginMarkerForBox3|Point|Point3_Expression|Point3_Layer|Point3_Mixer_Controller|Point3_Motion_Capture|Point3_Reactor|Point3_To_Float|Point3_Wire|Point3_XRef_Controller|Point3_XYZ|Point4_Layer|Point4_Mixer_Controller|Point4_Wire|Point4_XRef_Controller|Point4_XYZW|PointCloud|Point_Cache|Point_CacheSpacewarpModifier|Point_Curve|Point_Curveshape|Point_Surf|Point_SurfGeometry|PolyMeshObject|PolyToolsModeling|PolyToolsPaintDeform|PolyToolsPolyDraw|PolyToolsSelect|PolyToolsShift|PolyToolsTopology|PolyToolsUVWTweak|Poly_Profile|Poly_Select|Polygon_Counter|PolymorphicGeom|PolymorphicGeomshape|PopCharacter|PopRefUtil|PopSegControl|PopSkinControl|PopSkinObject|Populate|Portable_Network_Graphics|Position_Constraint|Position_Expression|Position_Icon|Position_Layer|Position_Manip|Position_Mixer_Controller|Position_Motion_Capture|Position_Object|Position_Reactor|Position_Value|Position_Wire|Position_XYZ|PostSceneFragment|PreSceneFragment|Preserve|PresetDummyOperIcon|PresetDummyOperator|PresetDummyTest|PresetOperIcon|PresetOperator|PresetTest|PresetTestIcon|Preset_Flow|Preset_Maker|Priority|Prism|ProBoolean|ProCutter|ProOptimizer|ProSimplex|ProSound|ProVoronoi|Project_Mapping|Project_Mapping_Holder|Projection|Properties|Properties|Properties|Protractor|ProxSensor|Pseudo_Color_Exposure_Control|Push|PushMod|PushSpaceWarp|Pyramid|PyramidBitmapFilterClass|PythonHost|QTime|Quadify_Mesh|Quadratic|QuarterRound|Quicksilver_Hardware_Renderer|RGB_Multiply|RGB_Tint|RLA|RPF|Radiosity|RagdollVisualizer|Railing|RandomColor|RandomWalk|Randomize_Keys|RayFX|RayMeshGridIntersect|Ray_Element|Ray_Engine|Raytrace|RaytraceGlobalSettings|RaytraceMaterial|Raytrace_Texture_ParamBlock|Reactor_Angle_Manip|Rectangle|RefTargContainer|RefTargMonitor|Reflect_Refract|Reflection|ReflectionFragment|Refraction|Relax|RendPlane|RenderEffects|RenderElementMgr|RenderEnvironment|RenderParticles|Renderable_Spline|Repel_Behavior|Rescale_World_Units|Reservoir|Reset_XForm|Resource_Collector|Retimer|RetimerMasterCtrl|Revit_importer|RingWave|Ring_Array|Ring_Element|Ripple|Ripplebinding|RmModel|RmModelGeometry|Rotation_Layer|Rotation_Mixer_Controller|Rotation_Motion_Capture|Rotation_Reactor|Rotation_Wire|SATImport|SDeflectMod|SDeflector|SMEGUP|SOmniFlect|SOmniFlectMod|STL_Check|STL_Export|STL_Import|Save_Verification|Scalar|ScaleParticles|ScaleXYZ|Scale_Expression|Scale_Layer|Scale_Mixer_Controller|Scale_Motion_Capture|Scale_Reactor|Scale_Test|Scale_Wire|Scatter|ScatterReferenceTarget|SceneAppData_Latch|Scene_Converter|Scene_Effect_Loader|Scene_Effect_LoaderUtilityPlugin|Scene_State|Scene_State_Manager|Scene_State_ManagerCtrlUserDataTypeClass|Script_Operator|Script_Test|Scripted_Behavior|Seat|Seek_Behavior|Select_By_Channel|Select_Keys_by_Time|Select_Object|Select_the_Biped_for_use_as_a_retargeting_reference|SelectionFragment|SelectionPreviewFragment|Self_Illumination|Send_Out|Set_Key_Crtl|Shader_List__Bump|Shader_List__Displacement|Shader_List__Environment|Shader_List__Lens|Shader_List__Output|Shader_List__Photon_Volume|Shader_List__Shadow|Shader_List__Texture|Shader_List__Volume|ShadowRenderElement|ShadowsMap|ShapeControl|ShapeLibrary|ShapeMap|ShapeMerge|ShapeStandard|Shape_Check|Shape_Facing|Shape_Instance|Shape_Mark|SharedMotionFlow|SharedMotionFlows|SharedMotionFlowsFloatController|Sharp_Quadratic|ShaveStylinIcon|Shell|Shell_Material|Shellac|ShineExp|SimpleFaceData|SimpleOSMToWSMMod|SimpleOSMToWSMMod2|Simple_Shape|Simple_Spline|Skeleton|Skew|Skin|SkinUtilities|Skin_Morph|Skin_Wrap|Skin_Wrap_Patch|Skylight|SlaveFloat|SlavePos|SlaveRotation|SlaveScale|Slave_Control|Slave_Point3|SliceModifier|Slider_Manip|SlidingDoor|SlidingWindow|Smoke|Snow|SoftEdge|SoftSelectionManager|Soft_Selection_Tool|Soften|SortKey|Sound|SpaceBend|SpaceCameraMap|SpaceConform|SpaceFFDBox|SpaceFFDCyl|SpaceNoise|SpacePatchDeform|SpacePathDeform|SpaceSkew|SpaceStretch|SpaceSurfDeform|SpaceTaper|SpaceTwist|Space_Warp_Behavior|Spacedisplace|Spaceripple|Spacewave|Spawn|Speckle|Specular|SpeedByIcon|Speed_By_Surface|Speed_Test|Speed_Vary_Behavior|Sphere|SphereGizmo|Spherify|SpinLimit|Spindle|Spiral_Stair|Splat|SplineIKChain|SplineIKSolver|SplineSelect|SplineShape|Spline_IK_Control|Split_Amount|Split_Group|Split_Selected|Split_Source|Spray|Spring|SpringPoint3Controller|SpringPositionController|Squeeze|StPathClass|Stand_in|StandardTextureOutput|StandardUVGen|StandardXYZGen|Standard_16_bit|Standard_16_bit_Grayscale|Standard_1_bit|Standard_24_bit_LogLUV_Storage|Standard_24_bit_LogLUV_Storage_with_alpha|Standard_32_bit|Standard_32_bit_Floating_Point_Storage|Standard_32_bit_Floating_Point_Storage_Grayscale|Standard_32_bit_LogLUV_Storage|Standard_32_bit_RealPixel_Storage|Standard_64_bit_Storage|Standard_8_bit_Grayscale|Standard_8_bit_Paletted|Standard_Flow|Standardmaterial|Standin_for_missing_MultiPass_Camera_Effect_Plugin|Star|Star_Element|Stars|StateCreator|StereoFragment|Stop_Gradually|Straight_Stair|Strauss|Streak_Element|Stretch|Strokes|Stucco|Substance|SubstancePBWrapper|Substance_Output|Substituion_Offset_Transform|Substitute|Substitute_Manager|Substitute_Object|Summed_area|Sun_Positioner|Sunlight|Sunlight_Slave_Controller|Sunlight_Slave_Intensity_Controller|SuperSpray|SurfDeform|Surface_Approximation|Surface_Arrive_Behavior|Surface_Follow_Behavior|Surface_Mapper|Surface_position|SvfExporter|Switch|TIF|TVDummyControl|TVNode|TailData2|TailTrans|Tape|Taper|Targa|TargetDirectionallight|Target_Area|Target_Cylinder|Target_Disc|Target_Light|Target_Linear|Target_Sphere|Targetcamera|Targetobject|Teapot|Tee|TempObjectClass|Terrain|Test_Icon|TextMap|TextPlus|Text_Baseline_Manipulator|Text_Display_Only_Manipulator|Text_Kerning_Manipulator|Text_Tracking_Manipulator|Text_Uniform_Scale_Manipulator|Text_X_Scale_Manipulator|Text_Y_Scale_Manipulator|TextureObjMask|ThinFilm|Thin_Wall_Refraction|This_Data|TimeSensor|ToneMappingFragment|TooltipFragment|TopBottom|Torus|Torus_Knot|TouchSensor|Translucent_Shader|TriMeshGeometry|Trim_Extend|TrueType|Tube|TurboSmooth|Turn_to_Mesh|Turn_to_Patch|Turn_to_Poly|Twist|UConstraint|UDeflector|UDeflectorMod|UOmniFlect|UOmniFlectMod|UVW_Mapping_Add|UVW_Mapping_Clear|UVW_Mapping_Paste|UVW_Remove|UVW_Xform|U_Type_Stair|Unwrap_UVW|UpdatePerViewWorldGenFragment|Utility|Uvwmap|VRBL_Export|VRImgIO|VUE_File_Renderer|Vector|VectorIDataChannelEngineClass|Vector_Displacement|Vector_Field|Vector_Field_Modifier|Vector_Map|VertexPaint|Vertex_Color|Vertex_Colors|Vertex_Paint_Floater|Vertex_Paint_Startup_GUP|Vertex_Weld|Vertical_Horizontal_Turn|Video|ViewportManager|ViewportManagerCustAttrib|Visual_MAXScript|Vol__Select|Volume_Fog|Volume_Light|Vortex|VortexMod|VrmlImp|Vsp_Gantry|Vsp_GantryNZ|Vsp_GantrySA|Vsp_Lamp|Vsp_Sign|Vsp_Signal|Vsp_Symb|Vsp_Tree|VzMaterialTable|WalkThroughGUP|Wall|Wall_Repel_Behavior|Wall_Seek_Behavior|WalledRectangle|Wander_Behavior|Water|Wave|WaveMaster|WaveObject|Wavebinding|Waveform_Float|Welder|WideFlange|Wind|Windbinding|Wipe|WireframeFragment|Wood|WrapperList|XForm|XMLImp2|XORRenderFragment|XRefAtmosWrapper|XRefObject|XRef_Controller|XRef_Material|XShadow|YUV|Z_Depth|add|alpha|applymaxIKCADef|bezier_color|bezier_float|bezier_point3|bezier_point4|bezier_position|bezier_rgba|bezier_rotation|bezier_scale|bipedSystem|blur|boolean_float|channel|clamp|collapse|colorReferenceTarget|compositematerial|contrast|cubic|curve|dSightRender|decay|diffuseMap|distort|falloff|fallofftextureMap|float_ListDummyEntry|float_limit|float_list|float_script|freeSpot|geometryReferenceTarget|gravity|grid|gwIvy|icon|invertIDataChannelEngineClass|line|linear_float|linear_position|linear_rotation|linear_scale|lookat|mCloth|mP_Buoyancy|mP_Collision|mP_Drag|mP_Force|mP_Glue|mP_InterCollision|mP_Shape|mP_Solvent|mP_Switch|mP_World|mP_Worldhelper|mParticles_Flow|mapping|mappinglayerDataDef|materialhelper|meshsmooth|miAreaLight|miAreaLightomni|mirror|ml_ETFE_cushion|ml_Ngon_frame|ml_Ngon_hole|negative|normalizeIDataChannelEngineClass|nvBox|nvCapsule|nvRagdoll|nvSphere|objectReferenceTarget|offsetTimer|optimize|output|parameter|pivot|point3_ListDummyEntry|point3_list|point3_script|point4_ListDummyEntry|point4_list|point4_script|position_ListDummyEntry|position_list|position_script|projected|prs|pxJoint|quadPatch|radiusManip|randomReferenceTarget|raytraceShadow|refGuides_line|refGuides_prot|resizer|rgb|rotation|rotation_ListDummyEntry|rotation_list|rotation_script|scaleIDataChannelEngineClass|scale_ListDummyEntry|scale_list|scale_script|section|shadowMap|shaveMRGeomPasser|shaveMRHairComp|shaveMRHairGeom|shaveMRHairGeomDRA|shaveMRHairShadows|shaveMRInstanceGeom|shaveMRRenderComp|sketchUp|sliderManipulator|smooth|smoothIDataChannelEngineClass|smoothReferenceTarget|specularMap|speed|spin|stop|subdivide|subdivideSpacewarpModifier|surface|sweep|swirl|symmetry|targetSpot|tcb_float|tcb_point3|tcb_point4|tcb_position|tcb_rotation|tcb_scale|tessellate|text|transform_script|triPatch|uvwMappingHeightManip|uvwMappingLengthManip|uvwMappingPositionManip|uvwMappingWidthManip|velocity|velocityIDataChannelEngineClass|xView)(?!\\s*:)\\b"
				},
				{
					"name": "support.type.interface.maxscript",
					"match": "(?i)\\b(Interface|ActionItemOverrideManager|actionMan|AnimLayerManager|assemblyMgr|AssetManager|AssignVertexColors|ATSCustomDepsOps|ATSOps|Autodesk360|AutodeskMaterialManager|autosave|AutoTangentMan|BatchProOptimizer|batchRenderMgr|BipAnalyzer|BipFilter|BipFixer|BipWorkBench|BitmapLayerManager|BitmapProxyMgr|blockMgr|BoneSys|BooleanExplorerManager|BooleanObjectManager|browserMgr|BrushPresetMgr|ChannelInfo|cmdPanel|colorMan|ContainerPreferences|Containers|CreaseExplorerManager|CreaseSetManager|CUIMouseConfigManagerImplement|custAttribCollapseManager|CustomControlsOptions|DaylightSimulationUIOps|DaylightSimulationUtilities|DaylightSystemFactory|DaylightSystemFactory2|defaultActions|DialogMonitorOPS|DisplayManager|dragAndDrop|DwfExportPreferences|dxshadermanager|EditRenderRegion|EPolyManipGrip|ExchangeStorePackageManager|FacesOrientation|FileLinkMgr|FileResolutionManager|FlightStudio|FlightStudioExport|FlightStudioImport|FlippedUVWFaces|FlowRaytraceInterface|FrameTagManager|GhostingManager|globalDXDisplayManager|gridPrefs|Grip|Hair|HDIKSys|heightManager|HelpSystem|IAutoCamMax|IBitmapPager|ICEFlowFileBirthSetup|ICEFlowShapeControl|ICEFlowSystemFactory|iDisplayGamma|IInteractionMode|IKSys|ILightRef|imerge|IMetaDataManager|InstanceMgr|InterfaceFunction|InterfaceIDRegistry|iParserLoader|IRTShadeTreeCompiler|IShaderManagerCreator|IsolatedVertices|IsolateSelection|ITabDialogManager|IViewportShadingMgr|LayerManager|LightingAnalysisOverlayFactory|LightingUnits|LightMeterManager|LoadSaveAnimation|LockedComponentsMan|LockedTracksMan|LuminosityUtil|MainThreadTaskManager|manip|MaterialExplorerManager|MaterialPreviewSystem|MaxNetWorkerInterface|maxOps|MaxRibbon|MaxThumbnailMgr|medit|memStreamMgr|menuMan|MeshInspector|MissingUVCoordinates|MixinInterface|MouseConfigManager|mrPBParameterClassDescCreator|msZip|MtlBrowserFilter_Manager|MultipleEdges|MXSDebugger|MxsUnitResults|NamedSelectionSetManager|NetCreateHelpers|netrender|NetworkLicenseStatusManager|NetworkManager|NitrousGraphicsManager|NodeCloneMgrTest|nodeSelectionSet|NullInterface|nvpx|nvpxConsts|objXRefMgr|objXRefs|OffsetManager|OGSDiagnostics|OneClickRevit|openEdges|OverlappedUVWFaces|OverlappingFaces|PaintSoftSelPresetContext|ParamCollectorOps|paramPublishMgr|paramWire|particleFlow|particleFlowUtility|PerezAllWeather|pftParticleView|PhysSunSky_ShaderGenerator|PhysXPanelInterface|PlacementTool|pluginManager|ProjectionIntersectorMgr|ProjectionRenderMgr|PseudoColorManager|python|qat|quadMenuSettings|radiosityMeshOps|RadiosityPreferences|reactionMgr|refhierarchy|RenderEnhancements|renderMessageManager|renderPresets|RetimerMan|RevitDBManager|RevitImportWorkflow|RingArray|rollup|SceneConverter|SceneEffectLoader|SceneExplorerManager|SceneExposureControl|SceneMissingPlugIns|SceneRadiosity|sceneStateMgr|schematicviews|simpleFaceManager|SkinUtils|SlateDragDropBridge|SME|srr_exports|StaticMethodInterface|statusPanel|SteeringWheelsOps|styleMgr|SubstManager|timeSlider|TipSystem|tmGizmos|trackSelectionSets|trackviews|tverts|UIAccessor|UtilityPanel|ValueConverter|ViewCubeOps|ViewPanelManager|ViewportButtonMgr|ViewportSSB|visualMS|visualMSCA|walkThroughOps|WorkingPivot|WorkspaceManager|xViewChecker)\\b(?!\\s*[:])"
				}
				
			]
		},
		"support":{
			"patterns": [
				{
					"name": "support.variable.ObjectSet.maxscript",
					"match": "(?i)\\b(ObjectSet|cameras|geometry|helpers|lights|objects|selection|shapes|spacewarps|systems)\\b(?!\\s*[:.])"
				},
				{
					"name": "support.constant.maxscript",
					"match": "(?i)\\b(Constant|HKEY_PERFORMANCE_DATA|emptyVal|selectionSets|meditMaterials|\\?|assetUser|HKEY_CLASSES_ROOT|HKEY_CURRENT_CONFIG|HKEY_CURRENT_USER|HKEY_LOCAL_MACHINE|HKEY_USERS)\\b(?!\\s*[:.])"
				},
				{
					"name":  "support.class.rollout-control.maxscript",
					"match": "(?i)\\b(angle|button|check(?:box|button)|colorpicker|group|(?:combo|group|multilist|list)Box|(?:curve|dotNet|Schematic)Control|dropdownList|editText|hyperLink|imgTag|label|(?:map|material|pick)button|popUpMenu|progressbar|radiobuttons|slider|spinner|SubRollout|timer)\\b(?!\\s*[:.])"	
				},
				{
					"name": "support.class.primitive.maxscript",
					"match": "(?i)\\b(ActionPredicate|ActiveXControl|AngleControl|Array|ArrayParameter|AtmosphericClass|BezierShape(Value)|BipedCopy|BipedFSKey|BipedKey|BitArray|BitmapControl|BooleanClass|ButtonControl|CCRootClass|CTBitMap|CTMotionTracker|ChangeHandler|CharStream|CheckBoxControl|CheckButtonControl|Class|ColorPickerControl|Control|CopyCollection|CurvePointsArray|Dictionary|EdgeSelection|EditTextControl|EffectClass|EmptyClass|FaceSelection|Function|GeomObject|GroupBoxControl|GroupEndControl|GroupStartControl|HKey|HashTable|IObject|ImgTag|Interface|InterfaceFunction|Interval|LabelControl|LinkControl|ListBoxControl|MAXAKey|MAXBezierShapeClass|MAXClass|MAXCurveCtl|MAXCustAttrib|MAXCustAttribArray|MAXFilterClass|MAXKeyArray|MAXMeshClass|MAXModifierArray|MAXNoteKey|MAXNoteKeyArray|MAXObject|MAXRefTarg|MAXRootNode|MAXRootScene|MAXScriptFunction|MAXTVNode|MAXTVUtility|MPassCamEffectClass|MSBipedRootClass|MSComMethod|MSCustAttribDef|MSDispatch|MSPluginClass|MXClip|MXSProtector|MXTrack|MXTrackgroup|MapButtonControl|MapSupportClass|MaterialLibrary|Material_Editor|Mixer|MixinInterface|MoFlow|MoFlowScript|MoFlowSnippet|MoFlowTranInfo|MoFlowTransition|ModifierClass|MotionTracker|MouseTool|MtlButtonControl|MultiListBoxControl|MultiMaterialClass|MultipleFSParams|NURBS1RailSweepSurface|NURBS2RailSweepSurface|NURBSBlendCurve|NURBSBlendSurface|NURBSCVCurve|NURBSCVSurface|NURBSChamferCurve|NURBSControlVertex|NURBSCurve|NURBSCurveConstPoint|NURBSCurveIntersectPoint|NURBSCurveOnSurface|NURBSCurveSurfaceIntersectPoint|NURBSDisplay|NURBSExtrudeSurface|NURBSFilletCurve|NURBSFilletSurface|NURBSIndependentPoint|NURBSIsoCurve|NURBSLatheSurface|NURBSMirrorCurve|NURBSMirrorSurface|NURBSMultiCurveTrimSurface|NURBSNBlendSurface|NURBSObject|NURBSOffsetCurve|NURBSOffsetSurface|NURBSPoint|NURBSPointConstPoint|NURBSPointCurve|NURBSPointCurveOnSurface|NURBSPointSurface|NURBSProjectNormalCurve|NURBSProjectVectorCurve|NURBSRuledSurface|NURBSSelection|NURBSSelector|NURBSSet|NURBSSurfConstPoint|NURBSSurfSurfIntersectionCurve|NURBSSurface|NURBSSurfaceApproximation|NURBSSurfaceEdgeCurve|NURBSSurfaceNormalCurve|NURBSTexturePoint|NURBSTextureSurface|NURBSULoftSurface|NURBSUVLoftSurface|NURBSXFormCurve|NURBSXFormSurface|NoValueClass|NodeChildrenArray|NodeEventCallback|NoteTrack|Number|OLEMethod|OLEObject|ObjectSet|OkClass|PathName|PickerControl|Point4|PyWrapperBase|RCMenu|RadioControl|RolloutClass|RolloutControl|RolloutFloater|SafeArrayWrapper|SelectionSet|SelectionSetArray|ShadowClass|SliderControl|SpinnerControl|StandardMaterialClass|StaticMethodInterface|StringStream|StructDef|TextureClass|Timer|TrackViewPick|TriMesh|UndefinedClass|UnsuppliedClass|ValueRef|VertexSelection|View2DControl|XRefScene|beziershape|ccCurve|ccPoint|class|color|dotNetClass|dotNetControl|dotNetMXSValue|dotNetMethod|dotNetObject|menuitem|mesh|name|object|string|subAnim|subRollout|value)\\b(?!\\s*:)"
				},
				{
					"name": "support.variable.system.maxscript",
					"match": "(?i)\\b(RenderEffects|activeMeditSlot|activegrid|ambientColor|ambientColorController|animButtonEnabled|animButtonState|animateMode|animationRange|backgroundColor|backgroundColorController|backgroundImageFileName|currentMaterialLibrary|currentTime|displaySafeFrames|editorFont|editorFontSize|editorShowPath|editorTabWidth|enableAccelerators|environmentMap|escapeEnable|flyOffTime|frameRate|globalTracks|hardwareLockID|heapFree|heapSize|inputTextColor|lightLevelController|lightTintColor|lightTintColorController|listener|localPreRendScript|localTime|lyricDirectory|macroRecorder|manipulateMode|maxFilePath|messageTextColor|numAtmospherics|numEffects|numSubObjectLevels|outputTextColor|playActiveOnly|playbackLoop|postRendScript|preRendScript|productAppID|realTimePlayback|rendAtmosphere|rendCamNode|rendColorCheck|rendDither256|rendDitherTrue|rendEnd|rendFieldOrder|rendFieldRender|rendFileNumberBase|rendForce2Side|rendHidden|rendImgSeqType|rendLockImageAspectRatio|rendLockPixelAspectRatio|rendMultiThread|rendNTSC_PAL|rendNThFrame|rendNThSerial|rendOutputFilename|rendPickupFrames|rendSaveFile|rendShowVFB|rendSimplifyAreaLights|rendStart|rendSuperBlack|rendSuperBlackThresh|rendTimeType|rendUseActiveView|rendUseDevice|rendUseImgSeq|rendUseNet|rendVidCorrectMethod|rendViewID|rendViewIndex|renderDisplacements|renderHeight|renderWidth|renderer|rootNode|rootScene|sceneMaterials|scriptsPath|showEndResult|skipRenderedFrames|sliderTime|stackLimit|subObjectLevel|ticksPerFrame|timeDisplayMode|trackViewNodes|useEnvironmentMap|usePreRendScript|videoPostTracks)\\b(?!\\s*[:.])"
				},
				{
					"name": "support.type.generic.maxscript",
					"match": "(?i)\\b(ActivateTimeWarp|BipedGeneric|Conjugate|CurveCtlGeneric|DeactivateTimeWarp|DeleteTw|DeleteWeight|Generic|Generic|GetMixerInterval|GetNodes|GetOrgTimeAtWarpedTime|GetTrackInterval|GetTrackgroupInterval|GetTwOrgTime|GetWarpedTimeAtOrgTime|GetWeightAtTime|GetWeightTime|Identity|InitializeTimeWarp|InsertWarpAtOrgTime|Inverse|IsTimeWarpActive|LnDif|LogN|MappedGeneric|NURBSGenericMethods|NURBSGenericMethodsWrapper|NodeGeneric|Orthogonalize|PreRotate|PreRotateX|PreRotateY|PreRotateZ|PreScale|PreTranslate|ProMaterials__Generic_V2|QCompA|Rotate|RotateX|RotateY|RotateZ|SetNodes|SetTwOrgTime|SetTwWarpTime|SetWeight|SetWeightAtTime|SetWeightTime|Simple_Mtl_Generic__adsk|Slerp|Squad|Translate|UserGeneric|XFormMat|Zero|Zoom|abs|acos|addAndWeld|addEaseCurve|addKnot|addModifier|addMultiplierCurve|addNewKey|addNewNoteKey|addNewSpline|addScript|addSnippet|addTranInfo|addTransition|adsk_Mtl_SimpleGeneric|adsk_Mtl_SimpleGeneric_V2|adsk_Utility_GenericNoise|append|appendClip|appendCurve|appendCurveByID|appendGizmo|appendObject|appendTrack|appendTrackgroup|appendUCurve|appendUCurveByID|appendVCurve|appendVCurveByID|asin|atan|atan2|attach|bindKnot|bindSpaceWarp|buildTVFaces|buildVCFaces|canConvertTo|ceil|classOf|clear|clearAllAppData|clearCacheEntry|clearMixer|clearProdTess|clearTrack|clearTrackgroup|clearViewTess|close|closeU|closeV|collapseStack|collapseface|composite|computeAnimation|contains|convertTo|convertToMesh|convertToPoly|convertToSplineShape|copy|copyMixdownToBiped|cos|cosh|createInstance|crop|cross|curveLength|defaultVCFaces|deleteAllCopies|deleteAppData|deleteCopy|deleteEaseCurve|deleteGizmo|deleteKey|deleteKeys|deleteKnot|deleteModifier|deleteMultiplierCurve|deleteNoteKey|deleteNoteKeys|deleteObjects|deletePoint|deleteScript|deleteSnippet|deleteSpline|deleteTime|deleteTrack|deleteTracker|deleteTrackgroup|deleteTranInfo|deleteTransition|deleteTransitionsTo|deleteface|deletevert|deselect|deselectKey|deselectKeys|detachFaces|detachVerts|disconnect|displacementToPreset|display|distance|dot|empty|enableORTs|enlargeBy|eof|evalPos|evalTangent|evalUTangent|evalVTangent|execute|exp|expandToInclude|extrudeface|filepos|findItem|findPattern|findString|flagChanged|flagForeground|floor|flush|free|freeze|getAfterORT|getAppData|getBeforeORT|getCV|getChannel|getChannelAsMask|getClip|getCopy|getCurve|getCurveID|getCurveStartPoint|getDisplacementMapping|getEdge|getEdgeSelection|getEdgeVis|getFaceMatID|getFaceNormal|getFaceSelection|getFaceSmoothGroup|getFilter|getFlip|getFlipTrim|getGenerateUVs|getGizmo|getInVec|getIndexedPixels|getInterface|getInterfaces|getKeyIndex|getKeyTime|getKnot|getKnotPoint|getKnotType|getModContextBBoxMax|getModContextBBoxMin|getModContextTM|getMultiplierValue|getNoteKeyIndex|getNoteKeyTime|getNumCPVVerts|getNumFaces|getNumTVerts|getNumVerts|getObject|getOutVec|getParent|getParentID|getPixels|getPoint|getProdTess|getPropNames|getRadius|getScriptIndex|getSeed|getSegmentType|getSelectedPts|getSnippetIndex|getSplitMesh|getSubAnim|getSubAnimName|getSubAnimNames|getSubdivisionDisplacement|getTVFace|getTextureSurface|getTextureUVs|getTiling|getTilingOffset|getTimeRange|getTrack|getTracker|getTrackgroup|getTrimSurface|getUCurve|getUCurveID|getUKnot|getUserProp|getUserPropBuffer|getVCFace|getVCurve|getVCurveID|getVKnot|getValue|getVert|getVertSelection|getViewTess|getface|getnormal|gettvert|getvertcolor|globalInpoint|globalOutpoint|globalToLocal|globalToScaledLocal|gotoFrame|hide|hideSelectedSegments|hideSelectedSplines|hideSelectedVerts|insertPoint|insertSnippet|insertTime|insertTrack|insertTrackgroup|instance|instanceReplace|intersectRay|intersects|invalTrack|invert|isAnimated|isClosed|isCompatible|isDeleted|isEmpty|isIdentity|isKeySelected|isKindOf|join|length|lengthInterp|lengthTangent|lengthToPathParam|loadFrames|loadMaxAnimationFile|loadMixFile|loadMoFlowFile|loadSnippetFiles|loadfile|localToGlobal|localToScaledLocal|log|log10|makeCube|mapKeys|materialID|merge|mixdown|mod|move|moveClip|moveKey|moveKeys|nearestPathParam|newSnippet|normalize|numCopies|numEaseCurves|numKeys|numKnots|numMultiplierCurves|numSegments|numSelKeys|numSplines|open|optimizeClipTransition|optimizeTransitions|particleAge|particleCount|particlePos|particleSize|particleVelocity|pathInterp|pathTangent|pathToLengthParam|perspectiveMatch|pow|print|printstack|qorthog|random|readChar|readChars|readDelimitedString|readExpr|readLine|readValue|rectify|reduceKeys|reference|referenceReplace|refine|refineSegment|refineU|refineV|removeObject|renderMap|reparameterize|replace|resample|reset|resetShape|resetZoom|reverse|reverseTime|save|saveMixFile|saveMoFlowFile|scale|scaleClip|scaleTime|scaledLocalToGlobal|scaledLocalToLocal|seek|select|selectKey|selectKeys|selectmore|setAfterORT|setAppData|setAsBackground|setBeforeORT|setCV|setCacheEntry|setCurve|setCurveByID|setCurveStartPoint|setDisplacementMapping|setEdge|setEdgeSelection|setEdgeVis|setFaceMatID|setFaceSelection|setFaceSmoothGroup|setFade|setFilter|setFirstKnot|setFirstSpline|setFlip|setGenerateUVs|setInVec|setIndexedPixels|setKnot|setKnotPoint|setKnotType|setMesh|setNumCPVVerts|setNumFaces|setNumTVerts|setNumVerts|setObject|setOutVec|setParent|setParentID|setPixels|setPoint|setProdTess|setRadius|setSeed|setSegmentType|setSelectedPts|setSize|setSplitMesh|setStruct|setSubdivisionDisplacement|setTVFace|setTextureSurface|setTextureUVs|setTiling|setTilingOffset|setTimeRange|setTrimSurface|setUCurve|setUCurveByID|setUKnot|setUserProp|setUserPropBuffer|setVCFace|setVCurve|setVCurveByID|setVKnot|setVert|setVertColor|setVertSelection|setface|setfacenormal|setnormal|settvert|showEvents|showInterface|showInterfaces|showMethods|showProperties|showTrack|sin|sinh|skipToNextLine|skipToString|snapshot|sort|sortKeys|sortNoteKeys|sqrt|substring|superClassOf|supportsTimeOperations|tan|tanh|toLower|toUpper|transpose|unDisplay|unbindKnot|unfreeze|unhide|unhideSegments|update|updateBindList|updateShape|updateXRef)\\b(?!\\s*[:.])"
				},
				{
					"name": "support.class.MAXSuperClass.maxscript",
					"match": "(?i)\\b(superclasses|atmospheric|AttributeDef|AxisDisplayClass|BakeElement|Base_Layer|BitmapFilterClass|BitmapIO|BitmapStorageClass|BooleanObjectManagerClass|camera|colorPicker|CtrlUserDataTypeClass|CustAttrib|ExporterPlugin|filter|floatController|GenDerivedObjectClass|GeometryClass|GlobalUtilityPlugin|GraphicsFragmentPlugin|helper|IDataChannelEngineClass|IKSolver|ImporterPlugin|light|MasterBlockController|MasterPointController|material|Matrix3Controller|MAXSuperClass|MAXWrapper|MAXWrapperNonRefTarg|modifier|MorphController|MotionCaptureDeviceBindingClass|MotionCaptureDeviceClass|MPassCamEffect|node|ObRefModAppClass|ParamBlock|Point2Controller|point3Controller|point4Controller|RadiosityEffect|ReferenceMaker|ReferenceTarget|renderEffect|RenderElement|RendererClass|rotationController|scaleController|SchematicViewUtility|Shader|Shadow|shape|SingleWeakRefMakerClass|SoundClass|SpacewarpModifier|SpacewarpObject|System|TemporaryMergeNodeObjectClass|TexOutputClass|textureMap|ToneOperator|TrackBarClass|trackViewUtility|UserDataTypeClass|UtilityPlugin|UVGenClass|VideoPostFilter|XYZGenClass)\\b(?!\\s*[:.])"
				},	
				{
					"name": "support.other.primitive.maxscript",
					"match": "(?i)\\b(Primitive|WriteDouble|ViewportCanvasSwitchBrush|getPropertyController|ResetXForm|deleteTrackViewNode|NewDefaultMasterPointController|GetBkgImageAnimate|SetUIColor|setSaveRequired|saveMaxFile|getQtTextExtent|PolyBSculptEnd|ShowDialog|WriteFloat|NewDefaultColorController|SetBkgImageAnimate|pasteBitmap|GetUIColor|enumerateFiles|getMAXFileObjectNames|PolyBSculptStart|GetDialogSize|WriteLongLong|ViewportCanvasSetup|WelcomeScreenShowAtStartup|editEffect|getCoreInterfaces|NewDefaultBoolController|validateId|GetBkgImageAspect|appendIfUnique|mouseTrack|SelectSaveBitMap|freeSceneBitmaps|mergeMaxFile|PolyBOBJSpacingChangeEnd|GetDialogPos|WriteLong|VCEndTrack|WelcomeScreenLaunchCount|resetLattice|deleteEffect|stricmp|unRegisterViewWindow|NewDefaultScaleController|getNURBSSelection|SetBkgImageAspect|GetDictKeyType|getD3DMeshAllocatedFaces|close_enough|ConvertIntToDirID|gc|loadMaxFile|PolyBOBJSpacingChangeStart|SetDialogPos|WriteShort|VCStartTrack|WelcomeScreenLastTabShown|animateAll|setFocus|getEffect|int|registerViewWindow|NewDefaultRotationController|setSurfaceDisplay|GetVPortBGColor|GetDictKeys|getD3DMeshAllocated|quatArrayToEulerArray|GetEulerMatAngleRatio|include|ConvertDirIDToInt|assert|PolyBOBJPaintSetNumFillNodes|DestroyDialog|WriteByte|PolyBUVWTweakEnd|setDimensions|setTransformLockFlags|setEffect|getCurNameSelSet|NewDefaultPositionController|setRenderApproximation|SetVPortBGColor|HasDictValue|setD3DMeshCacheSize|quatToEuler2|GetEulerQuatAngleRatio|SetDir|GetCurrentThreadId|PolyBOBJPaintGetStrokeFromEdges|CreateDialog|fflush|PolyBUVWTweak|getDimensions|getTransformLockFlags|getMAXOpenFileName|NewDefaultMatrix3Controller|setViewApproximation|uniqueName|RemoveDictValue|setUseOldD3DCache|WSMApplyFC|GetPatchSteps|GetDir|heapCheck|OBJPaintSetSetting|ftell|PolyBUVWTweakSettings|conformToShape|setInheritanceFlags|editAtmospheric|getMAXSaveFileName|NewDefaultPoint3Controller|convertToNURBSSurface|deepCopy|IsCPEdgeOnInView|SetDictValue|notifyDependents|WSMSupportsForce|SetPatchSteps|SetSilentMode|updateSurfaceMapper|threads|OBJPaintGetSetting|fseek|PolyBUVWTweakSetup|getInheritanceFlags|IsUndoDisabled|vrscene_mtltex_validity|deleteAtmospheric|doesDirectoryExist|NewDefaultFloatController|convertToNURBSCurve|IsSubSelEnabled|IsModuleLoaded|PutDictValue|enableRefMsgs|forceReloadBitmapFile|WSMSupportsCollision|MatrixFromNormal|SilentMode|setSaveSceneScript|NURBSExtrudeNode|go|PolyBOBJEndPaint|fclose|PolyBUVToPoly|snapshotAsMesh|vrscene_photoLightScale|getAtmospheric|doesFileExist|RestoreControllerValue|makeIndependent|EnableSubObjSel|dumpMAXStrings|GetDictValue|disableRefMsgs|registerFileChangedFunction|AverageSelVertNormal|loadDllsFromDir|setOpenSceneScript|NURBSLatheNode|locals|PolyBOBJPaintClear|fopen|PolyBPolyToUV|invalidateWS|vrscene_convertFrom_mm|setAtmospheric|getBitmapSaveFileName|CommitControllerValue|joinSurfaces|ClearCurSelSet|detachNodesFromGroup|QtUISample|AverageSelVertCenter|StopCreating|yesNoCancelBox|NURBSNode|releaseAllOLEObjects|stack|PolyBOBJPaintCommit|ValidateGetRenderMeshNeedDelArg|PolyBUVStitch|invalidateTreeTM|vrscene_nodeIsInstanceOf|addAtmospheric|getBitmapOpenFileName|SetControllerValue|joinCurves|dependsOn|ClearSubSelSets|attachNodesToGroup|PopQtTranslationFromFile|DeselectHiddenFaces|SetCurNamedSelSet|GetScreenScaleFactor|queryBox|releaseOLEObject|PolyBOBJInterActiveUpdate|ValidateReferenceMakerRefs|PolyBUVSpace|invalidateTM|vrscene_nodeTMValidity|fractalNoise|setListenerSelText|thawSelection|getEaseCurve|resetLengthInterp|breakSurface|AppendSubSelSet|explodeGroup|PushQtTranslationFromFile|RemoveSubRollout|DeselectHiddenEdges|SetCommandPanelTaskMode|messageBox|MakeNURBSConeSurface|createOLEObject|PolyBOBJPaintSetup|PolyBUVLineup|getTransformAxis|redrawViews|vrscene_nodeMeshValidity|turbulence|getListenerSelText|freezeSelection|getMultiplierCurve|breakCurve|EnableShowEndRes|ungroup|GetUIScaleFactor|AddSubRollout|IsSurfaceUVClosed|SetBackGroundController|closeRolloutFloater|MakeNURBSCylinderSurface|registerOLEInterface|vfbControl|PolyBOBJFill|seed|isActive|getAvailableSubstanceGraphsAndOutputsFromPackage|PolyBUVGrowRing|affectRegionVal|vrscene_mesh2VRSceneExport|noise4|setListenerSel|isSelectionFrozen|GetGridMajorLines|CaptureCallStack|unregisterDisplayFilterCallback|NumSurfaces|SetBackGround|newRolloutFloater|MakeNURBSSphereSurface|setMorphTargetName|PolyBOBJPaint|setActive|addNURBSSet|timeGetTime|RevitImporterGetOption|PolyBUVShrinkLoop|getMaterialID|noise3|getListenerSel|GetGridSpacing|CloseActiveShade|registerDisplayFilterCallback|PointSelection|RescaleWorldUnits|removeRollout|MakeNURBSLatheSurface|deleteMorphTarget|PBTrackGetToolActive|IsNetworkRenderServer|getNURBSSet|getSimilarNodes|clearSelection|RevitImporterSetOption|PolyBUVGrowLoop|setMaterialID|getHSVMarkerPos|clearListener|SetStatusXYZ|GetActiveShadeBitmap|unregisterSelectFilterCallback|IsShapeObject|OkMtlForScene|addRollout|setMorphTarget|PBEndTrack|newScript|IsNetServer|isDirectoryWriteable|mesh_weld_overlapping_vertices|PolyBUVRing|tangentCurve3D|setSoftEdge|pickOffsetDistance|EnableStatusXYZ|GetMaxAssertLogFileName|registerSelectFilterCallback|NumMapsUsed|NamedSelSetListChanged|closeUtility|addMorphTarget|PBStartTrack|RAMPlayer|getFileSecurityInfo|reactTo|PolyBUVLoop|interpCurve3D|setMultiPainterInstanceTM|setFileAttribute|DisableStatusXYZ|SetMaxAssertLogFileName|unregisterRedrawViewsCallback|IsPointSelected|GetRendImageAspect|openUtility|createMorphObject|PolyBSetSize|isController|getKBChar|radToDeg|getReactionValue|PolyBTextureWrap|subdivideSegment|getMultiPainterInstanceTM|getFileAttribute|RemoveTempPrompt|GetMaxAssertDisplay|registerRedrawViewsCallback|GetTriMeshFaceCount|SetRendApertureWidth|timeStamp|getMKTargetWeights|PolyBAdjustSpinner2|isStruct|getKBLine|DegToRad|getReactionState|PolyBSelToBitmap|getSegLengths|delete|getMultiPainterInstanceCount|getFileCreateDate|DisplayTempPrompt|SetMaxAssertDisplay|unregisterAllRightClickMenus|GetPolygonCount|GetRendApertureWidth|sleep|getMKTargetNames|PolyBAdjustSpinner1|isStructDef|getKBPoint|ArbAxis|getReactionName|PolyBOcclusionMap|ViewportCanvasUnitTest|getFileModDate|ReplacePrompt|ElementSetCustomGamma|unregisterRightClickMenu|CheckForSave|GetNumNamedSelSets|AttachObjects|DOSCommand|getMKKeyIndex|getPointController|getKBValue|IntersectRayEx|IsSpaceWarpValid|getReactionFalloff|PolyBSubSurfaceMap|VCPasteFromClipboard|getFilenameType|PopPrompt|ElementGetCustomGamma|registerRightClickMenu|EditAtmosphere|GetNamedSelSetName|setProgressCancel|getMKKey|PolyBAdjustCancel|getPointControllers|pickAnimatable|OKToBindToNode|getReactionStrength|PolyBDustMap|VCIsLeftButtonDown|getFilenameFile|PushPrompt|ElementSetMetaData|ConfigureBitmapPaths|GetNamedSelSetItemCount|getProgressCancel|setMKWeight|PolyBAdjustUndo|getHashValue|pickPoint|NodeIKParamsChanged|getReactionInfluence|PolyBDensityMap|squadrev|swap|VCLayerSettingChangeStart|getFilenamePath|LoadDefaultMatLib|ElementGetMetaData|GetNamedSelSetItem|progressEnd|getMKWeight|DynLXSplineInterpCam|quatToEuler|pickObject|MirrorIKConstraints|ConvertToJoinBodies|getReactionCount|PolyBCavityMap|VCLoadBitmapIntoLayer|makeDir|FileSaveAsMatLib|ElementFileDialog|render|GetCommandPanelTaskMode|validModifier|progressUpdate|setMKTime|DynLXSplineInterp|VCGet2DViewMenuHeight|getSourceFileLine|CreateLockKey|ConvertToBody|setReactionName|EditPolyModReadyToBridge|hasCurrentExceptionCallStack|VCFillInBitmap|copyFile|FileSaveMatLib|GetEnableProfiling|loadPicture|GetBackGround|progressStart|getMKTime|DynLXCollapse|VCGet2DViewSize|GetToolBtnState|setGroupOpen|ConvertToBodyCutter|setReactionFalloff|PolyBModeLoopRing|getCurrentExceptionCallStack|VCSavePSD|setSplineSelection|renameFile|FileOpenMatLib|SetEnableProfiling|updateWindow|GetBackGroundController|deleteAllChangeHandlers|DynLXGetDVSPNodeArraysNoPF|displayControlDialog|setGroupHead|selectBitMap|VertexPaintTool|setReactionStrength|PolyBSetSel|hasCurrentExceptionStackTrace|VCColorBalance|pathIsNetworkPath|getSplineSelection|deleteFile|NodeColorPicker|isSceneXRefNode|getCursorPos|ForceCompleteRedraw|deleteChangeHandler|DynLXGetDVSPNodeArrays|VCview2DFitTextureToView|getXYZControllers|setGroupMember|openBitMap|GameExporterShown|setReactionInfluence|PolyBGetSel|getCurrentExceptionStackTrace|VCThreshold|HiddenDOSCommand|setSegSelection|IsValidMorpherMod|getDirectories|HitByNameDlg|getNodeBBox|mapPoint|AssignNewName|startObjectCreation|DynLXGetNodesByAppData|VCview2DWireToggle|amax|isOpenGroupHead|GameExporterOpenDialog|break|setReactionValue|PolyBValidObject|getCurrentException|VCNormalize|areNodesInstances|encryptScript|getSegSelection|getFiles|MaterialBrowseDlg|isReadOnly|SetKeyStepsUseTrans|VCSetUsingNewTexture|amin|isOpenGroupMember|setReactionState|PolyBPolyShiftSettings|VCMedian|particleSize2|getViewFOV|setKnotSelection|filenameFromPath|ExclusionListDlg|setIndexedProperty|GetKeyStepsUseTrans|IdleAreaSubtractArea|insertItem|isGroupMember|getSelectedReactionNum|PolyBPolyShiftReset|particleCenter|getViewSize|getKnotSelection|getSavePath|CompleteRedraw|getIndexedProperty|SetKeyStepsSelOnly|IdleAreaAddArea|bsearch|setMAXFileAssetMetadata|isGroupHead|selectReaction|PolyShiftSetupConformNormals|VCHighPass|particleLife|getViewTM|getSaveFileName|is64bitApplication|AxisTripodLocked|setupEvents|GetKeyStepsSelOnly|IdleAreaCreateFreeform|qsort|getMAXFileAssetMetadata|ResetOptimizeDependentNotificationsStatistics|deleteReaction|PolyBShiftSetup|VCFindEdges|isAnimPlaying|getCPTM|getOpenFileName|isMaxFile|LockAxisTripods|trimExtend|ShowAllActiveXControls|SetKeyStepsScale|IdleAreaCreateCircle|updateMTLInMedit|getD3DTimer|GetOptimizeDependentNotificationsStatistics|createReaction|PolyBPolyShift|VCSharpenLayer|getNodeTM|mapScreenToCP|flushlog|getClassName|GetNumAxis|applyOffset|getclipboardBitmap|GetKeyStepsScale|showSource|IdleAreaCreateRectangle|setMTLMeditTiling|setNumberThreads|GetTMController|GepMakeRamp|PolyBPolyDrawSplines|addModifierWithLocalData|VCBlurLayer|getBitmapInfo|mapScreenToView|closelog|ResumeEditing|EnableRefCoordSys|measureOffset|setclipboardBitmap|SetKeyStepsRot|CrowdPathSetDefaultWidth|getMTLMeditTiling|getAnimPointer|SetTrajectoryON|stopTool|GepCanMakeRamp|PolyBPolyDrawPolyBranch|VCFlipLayer|SetGridMajorLines|mapScreenToWorldRay|openlog|SuspendEditing|SetRefCoordSys|USetup|getclipboardText|GetKeyStepsRot|CrowdDoRestartPathTool|setMTLMeditObjType|getAnimByHandle|SetTaskAxisState|startTool|GepGetDisplayType|PolyBPolyDrawPolyStrips|getFileSize|VCApplyImage|SetGridSpacing|encryptFile|format|GetMAXIniFile|GetRefCoordSys|OSnap|setclipboardText|getNoteTrack|SetKeyStepsPos|CrowdPathExtend|getMTLMeditObjType|getActiveCamera|getHandleByAnim|SetShadeCVerts|closeCameraTracker|PolyBPolyDrawPolyShapes|skipSpace|VCInvertLayer|colorPickerDlg|executeScriptFile|SetQuietMode|EnableCoordCenter|numNoteTracks|GetKeyStepsPos|CrowdAreaGetNode|setMTLMEditFlags|getSourceFileOffSet|usedMaps|SetRotTaskWeight|UpdateSceneMaterialLib|PolyBPolyDrawPolySurf|peekToken|VCLayerAdjustApply|scanForNewPlugins|file[iI]n|GetQuietMode|enableUndo|hasNoteTracks|IsSceneRedrawDisabled|apropos|CrowdAreaGetActiveTool|getMTLMEditFlags|getThisScriptFilename|formattedPrint|SetRenderID|MXS_IsSceneEmptyForNodePick|PolyBPolyDrawTopo|readToken|VCAdjustLevels|clearControllerNewFlag|SetCoordCenter|numPoints|EnableSceneRedraw|setProperty|CrowdAreaSetConstriant|getSourceFileName|compareBitmaps|SetRenderable|InvalidateAllBackgrounds|createfile|PolyBPolyDrawOptimizer|trimRight|VCLayerAdjust|replace_CRLF_with_LF|GetCoordCenter|addNoteTrack|DisableSceneRedraw|getProperty|CrowdAreaGetConstriant|isMSCustAttrib|SetPosTaskWeight|openfile|PolyBPolyDrawMove|trimLeft|VCDeleteMask|replace_LF_with_CRLF|SetToolBtnState|genGUID|assert_matrix_equal|ClearNodeSelection|CrowdAreaSetCircleSides|isMSPlugin|SetMotBlur|stopAnimation|PolyBPolyDrawBorder|FilterString|areMtlAndRendererCompatible|isSpace|VCAddMask|substituteString|GetCrossing|genClassID|assert_point3_equal|FlashNodes|isProperty|CrowdAreaGetCircleSides|isMSCustAttribClass|SetInheritVisibility|playAnimation|PolyBPolyDrawSwiftLoop|ShellLaunch|GetRenderType|VCMoveLayer|makeUniqueArray|GetSnapMode|getFileVersion|assert_string_equal|FencePickNode|hasProperty|CrowdAreaSetBrushSizePath|isMSPluginClass|SetImageBlurMultiplier|unregisterTimeCallback|quitMax|PolyBPolyDrawConnect|SetRenderType|getSubTexmapSlotName|VCFlattenLayersNoUndo|setNeedsRedraw|GetSnapState|setIniForceUTF16Default|assert_float|CrowdAreaGetBrushSizePath|getClassInstances|SetImageBlurMultController|registerTimeCallback|setMeditMaterial|PolyBPolyDrawBuild|GetDisplayFilterName|setSubTexmap|VCFlattenLayers|intersectRayScene|SetSysCur|hasINISetting|assert_undefined|BoxPickNode|CrowdAreaSetBrushSize|getMAXWindowPos|SetCVertMode|setArrowCursor|getMeditMaterial|selectCTBitMap|PolyBPolyDrawUnitTest|normtime|GetSelectFilterName|getSubTexmap|VCMergeDownLayer|nodeLocalBoundingBox|GetMatLibFileName|transform|delINISetting|assert_defined|InverseHighPrecision|DeSelectNode|CrowdAreaGetBrushSize|getMAXWindowSize|IsBoneOnly|setWaitCursor|saveTempMaterialLibrary|openCTBitMap|PolyBPolySplinesEnd|GetNumberDisplayFilters|getNumSubTexmaps|VCDeleteLayer|nodeGetBoundingBox|CreatePreview|setINISetting|assert_not_equal|RotateYPRMatrix|GetUseEnvironmentMap|CrowdAreaSetAddMode|getLastRenderedImage|GetTrajectoryON|enableHardwareMaterial|loadTempMaterialLibrary|test_safearray|PolyBPolyTopoEnd|getTextExtent|GetDisplayFilter|WriteFloatAsDouble|getSubMtlSlotName|VCDuplicateLayer|getPointPos|ResetPivot|getINISetting|assert_equal|ScaleMatrix|showClass|CrowdAreaGetAddMode|GetTaskAxisState|showHWTextureMap|saveMaterialLibrary|PolyBSolveSurf|getModContextBBox|SetDisplayFilter|ReadDoubleAsFloat|setSubMtl|VCNewLayer|ResetScale|getMaxExtensionVersion|assert_false|TransMatrix|GetBkgFrameNum|CrowdPathDrawing|isDeformable|GetShadeCVerts|createNumberedFilename|loadMaterialLibrary|PolyBPolyDrawTopoSetup|setModContextTM|GetNumberSelectFilters|ReadString|getSubMtl|VCSetLayerBitmap|ResetTransform|maxVersion|assert_true|RotateZMatrix|GetBkgSyncFrame|CrowdAreaEnd|isWorldSpaceObject|GetRotTaskWeight|showTextureMap|getLastMergedNodes|PolyBPolyDrawUpdateValues|setModContextBBox|GetSelectFilter|ReadDouble|getNumSubMtls|VCSetCurrentLayer|AlignToParent|copyPasteKeys|CRTCheckAssert|RotateYMatrix|SetBkgSyncFrame|CrowdAreaSetup|isParticleSystem|animateVertex|getMaxFileVersionData|setSelectionLevel|PolyBDrawNodeReset|getNodeByName|SetSelectFilter|ReadFloat|VCSetLayerSetting|edit|assignKey|CRTCorruptHeap|RotateXMatrix|GetBkgStartTime|CrowdAreaDrawing|getUniversalTime|GetPosTaskWeight|exportFile|getSelectionLevel|PolyBDrawNodeInit|ReadLongLong|VCGetLayerSetting|AlignPivot|openEncryptedFile|group|appendKey|CRTCheckMemory|SetBkgStartTime|getLocalTime|GetInheritVisibility|importFile|okToCreate|PolyBSculptValidBuffer|getIconAsBitmap|ReadLong|VCSetSetting|WorldAlignObject|CRTheapcheck|GetBkgORType|tangentBezier3D|GetImageBlurMultController|selectByName|fetchMaxFile|updateToolbarButtons|PolyBSculptCancelBuffer|PopupMenu|ReadShort|VCGetSetting|replaceInstances|WorldAlignPivot|NewDefaultPoint2Controller|NetworkRTT|SetBkgORType|ConvertKelvinToRGB|interpBezier3D|GetCVertMode|getCurrentSelection|holdMaxFile|isValidValue|PolyBSculptCommitBuffer|GetDialogBitmap|MappedPrimitive|ReadByte|VCCreateDisplayBitmap|isPropertyAnimatable|CenterObject|deleteTrackViewController|NewDefaultFRGBAController|unmaz|GetBkgRangeVal|FindLengthSegAndParam|MatchPattern|clearUndoBuffer|resetMaxFile|isValidObj|PolyBSculptRefreshNormals|SetDialogBitmap|WriteString|ViewportCanvasColorPicker|setPropertyController|CenterPivot|addTrackViewController|NewDefaultPoint4Controller|maz|SetBkgFrameRange|FindPathSegAndParam|GetDefaultUIColor|getSaveRequired|saveNodes|isValidNode|PolyBSculptSettings|IsDialogVisible)\\b(?!\\s*[:.][^::])"
				}
			]
		}

	},
	"scopeName": "source.mxs"
}