<ActionFile key="XToolkit-in.atn" file="/zdrive/work/xtools/etc/XToolkit-in.atn">
  <ActionSet version="16" name="XToolkit" expanded="false" count="45">
    <Action key="1" name="---Toolkit Scripts----" expanded="false" count="0"/>
    <Action key="2" name="jsh" expanded="false" count="1">
      <ActionItem key="TEXT" expanded="true" enabled="true" withDialog="false" dialogOptions="0" identifier="TEXT" event="AdobeScriptAutomation Scripts" name="Scripts" hasDescriptor="true">
        <ActionDescriptor key="AdobeScriptAutomation Scripts" count="2">
          <DescValueType.ALIASTYPE key="1785938804" id="1785938804" symname="javaScript" sym="javaScript" path="/zdrive/work/xtools/xapps/jsh.jsx"/>
          <DescValueType.STRINGTYPE key="1785941363" id="1785941363" symname="javaScriptMessage" sym="javaScriptMessage" string="jsh.js"/>
        </ActionDescriptor>
      </ActionItem>
    </Action>
    <Action key="3" name="ActionFileToXML" expanded="false" count="1">
      <ActionItem key="TEXT" expanded="false" enabled="true" withDialog="false" dialogOptions="0" identifier="TEXT" event="AdobeScriptAutomation Scripts" name="Scripts" hasDescriptor="true">
        <ActionDescriptor key="AdobeScriptAutomation Scripts" count="2">
          <DescValueType.ALIASTYPE key="1785938804" id="1785938804" symname="javaScript" sym="javaScript" path="/zdrive/work/xtools/xapps/ActionFileToXML.jsx"/>
          <DescValueType.STRINGTYPE key="1785941363" id="1785941363" symname="javaScriptMessage" sym="javaScriptMessage" string="ActionFileToXML.js"/>
        </ActionDescriptor>
      </ActionItem>
    </Action>
    <Action key="4" name="ActionFileFromXML" expanded="false" count="1">
      <ActionItem key="TEXT" expanded="false" enabled="true" withDialog="false" dialogOptions="0" identifier="TEXT" event="AdobeScriptAutomation Scripts" name="Scripts" hasDescriptor="true">
        <ActionDescriptor key="AdobeScriptAutomation Scripts" count="2">
          <DescValueType.ALIASTYPE key="1785938804" id="1785938804" symname="javaScript" sym="javaScript" path="/zdrive/work/xtools/xapps/ActionFileFromXML.jsx"/>
          <DescValueType.STRINGTYPE key="1785941363" id="1785941363" symname="javaScriptMessage" sym="javaScriptMessage" string="ActionFileFromXML.js"/>
        </ActionDescriptor>
      </ActionItem>
    </Action>
    <Action key="5" name="ActionFileToJavascript" expanded="false" count="1">
      <ActionItem key="TEXT" expanded="true" enabled="true" withDialog="false" dialogOptions="0" identifier="TEXT" event="AdobeScriptAutomation Scripts" name="Scripts" hasDescriptor="true">
        <ActionDescriptor key="AdobeScriptAutomation Scripts" count="2">
          <DescValueType.ALIASTYPE key="1785938804" id="1785938804" symname="javaScript" sym="javaScript" path="/zdrive/work/xtools/xapps/ActionFileToJavascript.jsx"/>
          <DescValueType.STRINGTYPE key="1785941363" id="1785941363" symname="javaScriptMessage" sym="javaScriptMessage" string="ActionFileToJavascript.jsx"/>
        </ActionDescriptor>
      </ActionItem>
    </Action>
    <Action key="6" name="ActionToJavascript" expanded="false" count="1">
      <ActionItem key="TEXT" expanded="true" enabled="true" withDialog="false" dialogOptions="0" identifier="TEXT" event="AdobeScriptAutomation Scripts" name="Scripts" hasDescriptor="true">
        <ActionDescriptor key="AdobeScriptAutomation Scripts" count="2">
          <DescValueType.ALIASTYPE key="1785938804" id="1785938804" symname="javaScript" sym="javaScript" path="/zdrive/work/xtools/xapps/ActionToJavascript.jsx"/>
          <DescValueType.STRINGTYPE key="1785941363" id="1785941363" symname="javaScriptMessage" sym="javaScriptMessage" string="ActionToJavascript.jsx"/>
        </ActionDescriptor>
      </ActionItem>
    </Action>
    <Action key="7" name="ActionToXML" expanded="false" count="1">
      <ActionItem key="TEXT" expanded="false" enabled="true" withDialog="false" dialogOptions="0" identifier="TEXT" event="AdobeScriptAutomation Scripts" name="Scripts" hasDescriptor="true">
        <ActionDescriptor key="AdobeScriptAutomation Scripts" count="2">
          <DescValueType.ALIASTYPE key="1785938804" id="1785938804" symname="javaScript" sym="javaScript" path="/zdrive/work/xtools/xapps/ActionToXML.jsx"/>
          <DescValueType.STRINGTYPE key="1785941363" id="1785941363" symname="javaScriptMessage" sym="javaScriptMessage" string="ActionToXML.js"/>
        </ActionDescriptor>
      </ActionItem>
    </Action>
    <Action key="8" name="ActionFileFromSLCode" expanded="false" count="1">
      <ActionItem key="TEXT" expanded="false" enabled="true" withDialog="false" dialogOptions="0" identifier="TEXT" event="AdobeScriptAutomation Scripts" name="Scripts" hasDescriptor="true">
        <ActionDescriptor key="AdobeScriptAutomation Scripts" count="2">
          <DescValueType.ALIASTYPE key="1785938804" id="1785938804" symname="javaScript" sym="javaScript" path="/zdrive/work/xtools/xapps/ActionFileFromSLCode.jsx"/>
          <DescValueType.STRINGTYPE key="1785941363" id="1785941363" symname="javaScriptMessage" sym="javaScriptMessage" string="ActionFileFromSLCode.jsx"/>
        </ActionDescriptor>
      </ActionItem>
    </Action>
    <Action key="9" name="ActionLister" expanded="false" count="1">
      <ActionItem key="TEXT" expanded="true" enabled="true" withDialog="false" dialogOptions="0" identifier="TEXT" event="AdobeScriptAutomation Scripts" name="Scripts" hasDescriptor="true">
        <ActionDescriptor key="AdobeScriptAutomation Scripts" count="2">
          <DescValueType.ALIASTYPE key="1785938804" id="1785938804" symname="javaScript" sym="javaScript" path="/zdrive/work/xtools/xapps/ActionLister.js"/>
          <DescValueType.STRINGTYPE key="1785941363" id="1785941363" symname="javaScriptMessage" sym="javaScriptMessage" string="ActionLister.js"/>
        </ActionDescriptor>
      </ActionItem>
    </Action>
    <Action key="10" name="ActionSetRunner" expanded="false" count="1">
      <ActionItem key="TEXT" expanded="true" enabled="true" withDialog="false" dialogOptions="0" identifier="TEXT" event="AdobeScriptAutomation Scripts" name="Scripts" hasDescriptor="true">
        <ActionDescriptor key="AdobeScriptAutomation Scripts" count="2">
          <DescValueType.ALIASTYPE key="1785938804" id="1785938804" symname="javaScript" sym="javaScript" path="/zdrive/work/xtools/xapps/ActionSetRunner.js"/>
          <DescValueType.STRINGTYPE key="1785941363" id="1785941363" symname="javaScriptMessage" sym="javaScriptMessage" string="ActionSetRunner.js"/>
        </ActionDescriptor>
      </ActionItem>
    </Action>
    <Action key="11" name="DropletDecompiler" expanded="false" count="1">
      <ActionItem key="TEXT" expanded="false" enabled="true" withDialog="false" dialogOptions="0" identifier="TEXT" event="AdobeScriptAutomation Scripts" name="Scripts" hasDescriptor="true">
        <ActionDescriptor key="AdobeScriptAutomation Scripts" count="2">
          <DescValueType.ALIASTYPE key="1785938804" id="1785938804" symname="javaScript" sym="javaScript" path="/zdrive/work/xtools/xapps/DropletDecompiler.jsx"/>
          <DescValueType.STRINGTYPE key="1785941363" id="1785941363" symname="javaScriptMessage" sym="javaScriptMessage" string="DropletDecompiler.jsx"/>
        </ActionDescriptor>
      </ActionItem>
    </Action>
    <Action key="12" name="FontLister" expanded="false" count="1">
      <ActionItem key="TEXT" expanded="false" enabled="true" withDialog="false" dialogOptions="0" identifier="TEXT" event="AdobeScriptAutomation Scripts" name="Scripts" hasDescriptor="true">
        <ActionDescriptor key="AdobeScriptAutomation Scripts" count="2">
          <DescValueType.ALIASTYPE key="1785938804" id="1785938804" symname="javaScript" sym="javaScript" path="/zdrive/work/xtools/xapps/FontLister.js"/>
          <DescValueType.STRINGTYPE key="1785941363" id="1785941363" symname="javaScriptMessage" sym="javaScriptMessage" string="undefined"/>
        </ActionDescriptor>
      </ActionItem>
    </Action>
    <Action key="13" name="SLCFix" expanded="false" count="1">
      <ActionItem key="TEXT" expanded="false" enabled="true" withDialog="false" dialogOptions="0" identifier="TEXT" event="AdobeScriptAutomation Scripts" name="Scripts" hasDescriptor="true">
        <ActionDescriptor key="AdobeScriptAutomation Scripts" count="2">
          <DescValueType.ALIASTYPE key="1785938804" id="1785938804" symname="javaScript" sym="javaScript" path="/zdrive/work/xtools/xapps/SLCFix.js"/>
          <DescValueType.STRINGTYPE key="1785941363" id="1785941363" symname="javaScriptMessage" sym="javaScriptMessage" string="SLCFix.js"/>
        </ActionDescriptor>
      </ActionItem>
    </Action>
    <Action key="14" name="PresetLister" expanded="false" count="1">
      <ActionItem key="TEXT" expanded="false" enabled="true" withDialog="false" dialogOptions="0" identifier="TEXT" event="AdobeScriptAutomation Scripts" name="Scripts" hasDescriptor="true">
        <ActionDescriptor key="AdobeScriptAutomation Scripts" count="2">
          <DescValueType.ALIASTYPE key="1785938804" id="1785938804" symname="javaScript" sym="javaScript" path="/zdrive/work/xtools/xapps/PresetLister.js"/>
          <DescValueType.STRINGTYPE key="1785941363" id="1785941363" symname="javaScriptMessage" sym="javaScriptMessage" string="undefined"/>
        </ActionDescriptor>
      </ActionItem>
    </Action>
    <Action key="15" name="FlattenJS" expanded="false" count="1">
      <ActionItem key="TEXT" expanded="true" enabled="true" withDialog="false" dialogOptions="0" identifier="TEXT" event="AdobeScriptAutomation Scripts" name="Scripts" hasDescriptor="true">
        <ActionDescriptor key="AdobeScriptAutomation Scripts" count="2">
          <DescValueType.ALIASTYPE key="1785938804" id="1785938804" symname="javaScript" sym="javaScript" path="/zdrive/work/xtools/xapps/Flatten.js"/>
          <DescValueType.STRINGTYPE key="1785941363" id="1785941363" symname="javaScriptMessage" sym="javaScriptMessage" string="Flatten.js"/>
        </ActionDescriptor>
      </ActionItem>
    </Action>
    <Action key="16" name="BackupActionsPalette" expanded="false" count="1">
      <ActionItem key="TEXT" expanded="true" enabled="true" withDialog="false" dialogOptions="0" identifier="TEXT" event="AdobeScriptAutomation Scripts" name="Scripts" hasDescriptor="true">
        <ActionDescriptor key="AdobeScriptAutomation Scripts" count="2">
          <DescValueType.ALIASTYPE key="1785938804" id="1785938804" symname="javaScript" sym="javaScript" path="/zdrive/work/xtools/xapps/BackupActions.js"/>
          <DescValueType.STRINGTYPE key="1785941363" id="1785941363" symname="javaScriptMessage" sym="javaScriptMessage" string="BackupActions.js"/>
        </ActionDescriptor>
      </ActionItem>
    </Action>
    <Action key="17" name="LastLogEntry" expanded="false" count="1">
      <ActionItem key="TEXT" expanded="false" enabled="true" withDialog="false" dialogOptions="0" identifier="TEXT" event="AdobeScriptAutomation Scripts" name="Scripts" hasDescriptor="true">
        <ActionDescriptor key="AdobeScriptAutomation Scripts" count="2">
          <DescValueType.ALIASTYPE key="1785938804" id="1785938804" symname="javaScript" sym="javaScript" path="/zdrive/work/xtools/xapps/LastLogEntry.jsx"/>
          <DescValueType.STRINGTYPE key="1785941363" id="1785941363" symname="javaScriptMessage" sym="javaScriptMessage" string="stdlib.js"/>
        </ActionDescriptor>
      </ActionItem>
    </Action>
    <Action key="18" name="PackScript" expanded="false" count="1">
      <ActionItem key="TEXT" expanded="false" enabled="true" withDialog="false" dialogOptions="0" identifier="TEXT" event="AdobeScriptAutomation Scripts" name="Scripts" hasDescriptor="true">
        <ActionDescriptor key="AdobeScriptAutomation Scripts" count="2">
          <DescValueType.ALIASTYPE key="1785938804" id="1785938804" symname="javaScript" sym="javaScript" path="/zdrive/work/xtools/xapps/PackScript.jsx"/>
          <DescValueType.STRINGTYPE key="1785941363" id="1785941363" symname="javaScriptMessage" sym="javaScriptMessage" string="PackScript"/>
        </ActionDescriptor>
      </ActionItem>
    </Action>
    <Action key="19" name="ActionDescriptorToXML" expanded="false" count="1">
      <ActionItem key="TEXT" expanded="false" enabled="true" withDialog="false" dialogOptions="0" identifier="TEXT" event="AdobeScriptAutomation Scripts" name="Scripts" hasDescriptor="true">
        <ActionDescriptor key="AdobeScriptAutomation Scripts" count="2">
          <DescValueType.ALIASTYPE key="1785938804" id="1785938804" symname="javaScript" sym="javaScript" path="/zdrive/work/xtools/xapps/ActionDescriptorToXML.jsx"/>
          <DescValueType.STRINGTYPE key="1785941363" id="1785941363" symname="javaScriptMessage" sym="javaScriptMessage" string="ActionDescriptorToXML.jsx"/>
        </ActionDescriptor>
      </ActionItem>
    </Action>
    <Action key="20" name="ActionDescriptorToJavascript" expanded="false" count="1">
      <ActionItem key="TEXT" expanded="false" enabled="true" withDialog="false" dialogOptions="0" identifier="TEXT" event="AdobeScriptAutomation Scripts" name="Scripts" hasDescriptor="true">
        <ActionDescriptor key="AdobeScriptAutomation Scripts" count="2">
          <DescValueType.ALIASTYPE key="1785938804" id="1785938804" symname="javaScript" sym="javaScript" path="/zdrive/work/xtools/xapps/ActionDescriptorToJavascript.jsx"/>
          <DescValueType.STRINGTYPE key="1785941363" id="1785941363" symname="javaScriptMessage" sym="javaScriptMessage" string="ActionDescriptorToXML.jsx"/>
        </ActionDescriptor>
      </ActionItem>
    </Action>
    <Action key="21" name="-----Demo Scripts-----" expanded="false" count="0"/>
    <Action key="22" name="SampleUI" expanded="false" count="1">
      <ActionItem key="TEXT" expanded="true" enabled="true" withDialog="false" dialogOptions="0" identifier="TEXT" event="AdobeScriptAutomation Scripts" name="Scripts" hasDescriptor="true">
        <ActionDescriptor key="AdobeScriptAutomation Scripts" count="2">
          <DescValueType.ALIASTYPE key="1785938804" id="1785938804" symname="javaScript" sym="javaScript" path="/zdrive/work/xtools/xapps/SampleUI.jsx"/>
          <DescValueType.STRINGTYPE key="1785941363" id="1785941363" symname="javaScriptMessage" sym="javaScriptMessage" string="SampleUI"/>
        </ActionDescriptor>
      </ActionItem>
    </Action>
    <Action key="23" name="ActionEvalDemo" expanded="false" count="1">
      <ActionItem key="TEXT" expanded="false" enabled="true" withDialog="false" dialogOptions="0" identifier="TEXT" event="AdobeScriptAutomation Scripts" name="Scripts" hasDescriptor="true">
        <ActionDescriptor key="AdobeScriptAutomation Scripts" count="2">
          <DescValueType.ALIASTYPE key="1785938804" id="1785938804" symname="javaScript" sym="javaScript" path="/zdrive/work/xtools/xapps/ActionEvalDemo.jsx"/>
          <DescValueType.STRINGTYPE key="1785941363" id="1785941363" symname="javaScriptMessage" sym="javaScriptMessage" string="ActionEvalDemo.js"/>
        </ActionDescriptor>
      </ActionItem>
    </Action>
    <Action key="24" name="ColorBook" expanded="false" count="1">
      <ActionItem key="TEXT" expanded="true" enabled="true" withDialog="false" dialogOptions="0" identifier="TEXT" event="AdobeScriptAutomation Scripts" name="Scripts" hasDescriptor="true">
        <ActionDescriptor key="AdobeScriptAutomation Scripts" count="2">
          <DescValueType.ALIASTYPE key="1785938804" id="1785938804" symname="javaScript" sym="javaScript" path="/zdrive/work/xtools/xapps/ColorBookDemo.js"/>
          <DescValueType.STRINGTYPE key="1785941363" id="1785941363" symname="javaScriptMessage" sym="javaScriptMessage" string="ColorBookDemo.js"/>
        </ActionDescriptor>
      </ActionItem>
    </Action>
    <Action key="25" name="Getter" expanded="false" count="1">
      <ActionItem key="TEXT" expanded="true" enabled="true" withDialog="false" dialogOptions="0" identifier="TEXT" event="AdobeScriptAutomation Scripts" name="Scripts" hasDescriptor="true">
        <ActionDescriptor key="AdobeScriptAutomation Scripts" count="2">
          <DescValueType.ALIASTYPE key="1785938804" id="1785938804" symname="javaScript" sym="javaScript" path="/zdrive/work/xtools/xapps/GetterDemo.jsx"/>
          <DescValueType.STRINGTYPE key="1785941363" id="1785941363" symname="javaScriptMessage" sym="javaScriptMessage" string="GetterDemo.jsx"/>
        </ActionDescriptor>
      </ActionItem>
    </Action>
    <Action key="26" name="LogWindow" expanded="false" count="1">
      <ActionItem key="TEXT" expanded="false" enabled="true" withDialog="false" dialogOptions="0" identifier="TEXT" event="AdobeScriptAutomation Scripts" name="Scripts" hasDescriptor="true">
        <ActionDescriptor key="AdobeScriptAutomation Scripts" count="2">
          <DescValueType.ALIASTYPE key="1785938804" id="1785938804" symname="javaScript" sym="javaScript" path="/zdrive/work/xtools/xapps/LogWindowDemo.js"/>
          <DescValueType.STRINGTYPE key="1785941363" id="1785941363" symname="javaScriptMessage" sym="javaScriptMessage" string="LogWindowDemo.js"/>
        </ActionDescriptor>
      </ActionItem>
    </Action>
    <Action key="27" name="ColorChooserIcon" expanded="false" count="1">
      <ActionItem key="TEXT" expanded="false" enabled="true" withDialog="false" dialogOptions="0" identifier="TEXT" event="AdobeScriptAutomation Scripts" name="Scripts" hasDescriptor="true">
        <ActionDescriptor key="AdobeScriptAutomation Scripts" count="2">
          <DescValueType.ALIASTYPE key="1785938804" id="1785938804" symname="javaScript" sym="javaScript" path="/zdrive/work/xtools/xapps/ColorChooserIcon.jsx"/>
          <DescValueType.STRINGTYPE key="1785941363" id="1785941363" symname="javaScriptMessage" sym="javaScriptMessage" string="ColorChooser.jsx"/>
        </ActionDescriptor>
      </ActionItem>
    </Action>
    <Action key="28" name="-----Application Scripts-----" expanded="false" count="0"/>
    <Action key="29" name="XWatermark" expanded="false" count="1">
      <ActionItem key="TEXT" expanded="false" enabled="true" withDialog="true" dialogOptions="0" identifier="TEXT" event="AdobeScriptAutomation Scripts" name="Scripts" hasDescriptor="true">
        <ActionDescriptor key="AdobeScriptAutomation Scripts" count="4">
          <DescValueType.ALIASTYPE key="1785938804" id="1785938804" symname="javaScript" sym="javaScript" path="/zdrive/work/xtools/xapps/XWatermark.jsx"/>
          <DescValueType.STRINGTYPE key="1785941363" id="1785941363" symname="javaScriptMessage" sym="javaScriptMessage" string="AddWatermark.js"/>
        </ActionDescriptor>
      </ActionItem>
    </Action>
    <Action key="30" name="xbatch" expanded="false" count="1">
      <ActionItem key="TEXT" expanded="false" enabled="true" withDialog="false" dialogOptions="0" identifier="TEXT" event="AdobeScriptAutomation Scripts" name="Scripts" hasDescriptor="true">
        <ActionDescriptor key="AdobeScriptAutomation Scripts" count="2">
          <DescValueType.ALIASTYPE key="1785938804" id="1785938804" symname="javaScript" sym="javaScript" path="/zdrive/work/xtools/xapps/xbatch.jsx"/>
          <DescValueType.STRINGTYPE key="1785941363" id="1785941363" symname="javaScriptMessage" sym="javaScriptMessage" string="xbatch.jsx"/>
        </ActionDescriptor>
      </ActionItem>
    </Action>
    <Action key="31" name="xscan" expanded="false" count="1">
      <ActionItem key="TEXT" expanded="false" enabled="true" withDialog="false" dialogOptions="0" identifier="TEXT" event="AdobeScriptAutomation Scripts" name="Scripts" hasDescriptor="true">
        <ActionDescriptor key="AdobeScriptAutomation Scripts" count="2">
          <DescValueType.ALIASTYPE key="1785938804" id="1785938804" symname="javaScript" sym="javaScript" path="/zdrive/work/xtools/xapps/xscan.jsx"/>
          <DescValueType.STRINGTYPE key="1785941363" id="1785941363" symname="javaScriptMessage" sym="javaScriptMessage" string="XScan"/>
        </ActionDescriptor>
      </ActionItem>
    </Action>
    <Action key="32" name="RemoveAlphaChannels" expanded="false" count="1">
      <ActionItem key="TEXT" expanded="false" enabled="true" withDialog="false" dialogOptions="0" identifier="TEXT" event="AdobeScriptAutomation Scripts" name="Scripts" hasDescriptor="true">
        <ActionDescriptor key="AdobeScriptAutomation Scripts" count="2">
          <DescValueType.ALIASTYPE key="1785938804" id="1785938804" symname="javaScript" sym="javaScript" path="/zdrive/work/xtools/xapps/RemoveAlphaChannels.jsx"/>
          <DescValueType.STRINGTYPE key="1785941363" id="1785941363" symname="javaScriptMessage" sym="javaScriptMessage" string="RemoveAlphaChannels.jsx"/>
        </ActionDescriptor>
      </ActionItem>
    </Action>
    <Action key="33" name="AddWatermark" expanded="false" count="1">
      <ActionItem key="TEXT" expanded="false" enabled="true" withDialog="false" dialogOptions="0" identifier="TEXT" event="AdobeScriptAutomation Scripts" name="Scripts" hasDescriptor="true">
        <ActionDescriptor key="AdobeScriptAutomation Scripts" count="2">
          <DescValueType.ALIASTYPE key="1785938804" id="1785938804" symname="javaScript" sym="javaScript" path="/zdrive/work/xtools/xapps/AddWatermark.jsx"/>
          <DescValueType.STRINGTYPE key="1785941363" id="1785941363" symname="javaScriptMessage" sym="javaScriptMessage" string="AddWatermark.js"/>
        </ActionDescriptor>
      </ActionItem>
    </Action>
    <Action key="34" name="AdjustLevels" expanded="false" count="1">
      <ActionItem key="TEXT" expanded="false" enabled="true" withDialog="false" dialogOptions="0" identifier="TEXT" event="AdobeScriptAutomation Scripts" name="Scripts" hasDescriptor="true">
        <ActionDescriptor key="AdobeScriptAutomation Scripts" count="2">
          <DescValueType.ALIASTYPE key="1785938804" id="1785938804" symname="javaScript" sym="javaScript" path="/zdrive/work/xtools/xapps/AdjustLevels.js"/>
          <DescValueType.STRINGTYPE key="1785941363" id="1785941363" symname="javaScriptMessage" sym="javaScriptMessage" string="AdjustLevels.js"/>
        </ActionDescriptor>
      </ActionItem>
    </Action>
    <Action key="35" name="AdjustRGBLevels" expanded="false" count="1">
      <ActionItem key="TEXT" expanded="false" enabled="true" withDialog="false" dialogOptions="0" identifier="TEXT" event="AdobeScriptAutomation Scripts" name="Scripts" hasDescriptor="true">
        <ActionDescriptor key="AdobeScriptAutomation Scripts" count="2">
          <DescValueType.ALIASTYPE key="1785938804" id="1785938804" symname="javaScript" sym="javaScript" path="/zdrive/work/xtools/xapps/AdjustRGBLevels.js"/>
          <DescValueType.STRINGTYPE key="1785941363" id="1785941363" symname="javaScriptMessage" sym="javaScriptMessage" string="1"/>
        </ActionDescriptor>
      </ActionItem>
    </Action>
    <Action key="36" name="Convert" expanded="false" count="1">
      <ActionItem key="TEXT" expanded="false" enabled="true" withDialog="false" dialogOptions="0" identifier="TEXT" event="AdobeScriptAutomation Scripts" name="Scripts" hasDescriptor="true">
        <ActionDescriptor key="AdobeScriptAutomation Scripts" count="2">
          <DescValueType.ALIASTYPE key="1785938804" id="1785938804" symname="javaScript" sym="javaScript" path="/zdrive/work/xtools/xapps/Cnvt.js"/>
          <DescValueType.STRINGTYPE key="1785941363" id="1785941363" symname="javaScriptMessage" sym="javaScriptMessage" string="Cnvt.js"/>
        </ActionDescriptor>
      </ActionItem>
    </Action>
    <Action key="37" name="Normalize" expanded="false" count="1">
      <ActionItem key="TEXT" expanded="false" enabled="true" withDialog="false" dialogOptions="0" identifier="TEXT" event="AdobeScriptAutomation Scripts" name="Scripts" hasDescriptor="true">
        <ActionDescriptor key="AdobeScriptAutomation Scripts" count="2">
          <DescValueType.ALIASTYPE key="1785938804" id="1785938804" symname="javaScript" sym="javaScript" path="/zdrive/work/xtools/xapps/Normalize.js"/>
          <DescValueType.STRINGTYPE key="1785941363" id="1785941363" symname="javaScriptMessage" sym="javaScriptMessage" string="Normalize.js"/>
        </ActionDescriptor>
      </ActionItem>
    </Action>
    <Action key="38" name="UpdateMetadata" expanded="false" count="1">
      <ActionItem key="TEXT" expanded="false" enabled="true" withDialog="false" dialogOptions="0" identifier="TEXT" event="AdobeScriptAutomation Scripts" name="Scripts" hasDescriptor="true">
        <ActionDescriptor key="AdobeScriptAutomation Scripts" count="2">
          <DescValueType.ALIASTYPE key="1785938804" id="1785938804" symname="javaScript" sym="javaScript" path="/zdrive/work/xtools/xapps/UpdateMetadata.js"/>
          <DescValueType.STRINGTYPE key="1785941363" id="1785941363" symname="javaScriptMessage" sym="javaScriptMessage" string="UpdateMetadata.js"/>
        </ActionDescriptor>
      </ActionItem>
    </Action>
    <Action key="39" name="InsertImage" expanded="false" count="1">
      <ActionItem key="TEXT" expanded="false" enabled="true" withDialog="false" dialogOptions="0" identifier="TEXT" event="AdobeScriptAutomation Scripts" name="Scripts" hasDescriptor="true">
        <ActionDescriptor key="AdobeScriptAutomation Scripts" count="2">
          <DescValueType.ALIASTYPE key="1785938804" id="1785938804" symname="javaScript" sym="javaScript" path="/zdrive/work/xtools/xapps/InsertImage.jsx"/>
          <DescValueType.STRINGTYPE key="1785941363" id="1785941363" symname="javaScriptMessage" sym="javaScriptMessage" string="InsertImage.jsx"/>
        </ActionDescriptor>
      </ActionItem>
    </Action>
    <Action key="40" name="SaveActionSets" expanded="false" count="1">
      <ActionItem key="TEXT" expanded="true" enabled="true" withDialog="false" dialogOptions="0" identifier="TEXT" event="AdobeScriptAutomation Scripts" name="Scripts" hasDescriptor="true">
        <ActionDescriptor key="AdobeScriptAutomation Scripts" count="2">
          <DescValueType.ALIASTYPE key="1785938804" id="1785938804" symname="javaScript" sym="javaScript" path="/zdrive/work/xtools/xapps/SaveActionSets.jsx"/>
          <DescValueType.STRINGTYPE key="1785941363" id="1785941363" symname="javaScriptMessage" sym="javaScriptMessage" string="SaveActionSets.jsx"/>
        </ActionDescriptor>
      </ActionItem>
    </Action>
    <Action key="41" name="RefreshCS3Presets" expanded="true" count="1">
      <ActionItem key="TEXT" expanded="false" enabled="true" withDialog="false" dialogOptions="0" identifier="TEXT" event="AdobeScriptAutomation Scripts" name="Scripts" hasDescriptor="true">
        <ActionDescriptor key="AdobeScriptAutomation Scripts" count="2">
          <DescValueType.ALIASTYPE key="1785938804" id="1785938804" symname="javaScript" sym="javaScript" path="/zdrive/work/xtools/xapps/RefreshCS3Presets.jsx"/>
          <DescValueType.STRINGTYPE key="1785941363" id="1785941363" symname="javaScriptMessage" sym="javaScriptMessage" string="RefreshCS3Presets.jsx"/>
        </ActionDescriptor>
      </ActionItem>
    </Action>
    <Action key="42" name="SaveSequential" expanded="false" count="1">
      <ActionItem key="TEXT" expanded="false" enabled="true" withDialog="false" dialogOptions="0" identifier="TEXT" event="AdobeScriptAutomation Scripts" name="Scripts" hasDescriptor="true">
        <ActionDescriptor key="AdobeScriptAutomation Scripts" count="2">
          <DescValueType.ALIASTYPE key="1785938804" id="1785938804" symname="javaScript" sym="javaScript" path="/zdrive/work/xtools/xapps/SequentialSave.jsx"/>
          <DescValueType.STRINGTYPE key="1785941363" id="1785941363" symname="javaScriptMessage" sym="javaScriptMessage" string="SequentialSave.jsx"/>
        </ActionDescriptor>
      </ActionItem>
    </Action>
    <Action key="43" name="SimpleUI" expanded="false" count="1">
      <ActionItem key="TEXT" expanded="false" enabled="true" withDialog="false" dialogOptions="0" identifier="TEXT" event="AdobeScriptAutomation Scripts" name="Scripts" hasDescriptor="true">
        <ActionDescriptor key="AdobeScriptAutomation Scripts" count="2">
          <DescValueType.ALIASTYPE key="1785938804" id="1785938804" symname="javaScript" sym="javaScript" path="/zdrive/work/xtools/xapps/SimpleUI.jsx"/>
          <DescValueType.STRINGTYPE key="1785941363" id="1785941363" symname="javaScriptMessage" sym="javaScriptMessage" string="SimpleUI"/>
        </ActionDescriptor>
      </ActionItem>
    </Action>
    <Action key="44" name="OnEventOpen" expanded="false" count="1">
      <ActionItem key="TEXT" expanded="false" enabled="true" withDialog="false" dialogOptions="0" identifier="TEXT" event="AdobeScriptAutomation Scripts" name="Scripts" hasDescriptor="true">
        <ActionDescriptor key="AdobeScriptAutomation Scripts" count="2">
          <DescValueType.ALIASTYPE key="1785938804" id="1785938804" symname="javaScript" sym="javaScript" path="/zdrive/work/xtools/xapps/OnOpenEvent.jsx"/>
          <DescValueType.STRINGTYPE key="1785941363" id="1785941363" symname="javaScriptMessage" sym="javaScriptMessage" string="OnOpenEvent.jsx"/>
        </ActionDescriptor>
      </ActionItem>
    </Action>
    <Action key="45" name="ImportImages" expanded="false" count="1">
      <ActionItem key="TEXT" expanded="false" enabled="true" withDialog="false" dialogOptions="0" identifier="TEXT" event="AdobeScriptAutomation Scripts" name="Scripts" hasDescriptor="true">
        <ActionDescriptor key="AdobeScriptAutomation Scripts" count="2">
          <DescValueType.ALIASTYPE key="1785938804" id="1785938804" symname="javaScript" sym="javaScript" path="/zdrive/work/xtools/xapps/ImportImages.jsx"/>
          <DescValueType.STRINGTYPE key="1785941363" id="1785941363" symname="javaScriptMessage" sym="javaScriptMessage" string="ImportImages.jsx"/>
        </ActionDescriptor>
      </ActionItem>
    </Action>
  </ActionSet>
</ActionFile>
