﻿<?xml version="1.0" encoding="utf-8"?>
<ACTIONS>
  <Object>
    <Gallery_3D icon="221" cmd="mcFile.fileInVersion Gallery3D" tooltip="Gallery 3D" />
    <Align icon="63" cmd="mcMax.alignObject()" tooltip="Align" />
    <Align_By_2Edges icon="198" cmd="mcAction.objectAlignByTwoEdges()" tooltip="Align By 2Edges" />
    <Clone_2 icon="62" cmd="mcFile.fileInVersion Clone2" tooltip="Clone 2" />
    <Color_Palete icon="66" cmd="mcFile.fileInVersion Color_Palete" tooltip="Color Palete" />
    <Concave_Check icon="237" cmd="mcAction.concaveCheck()" tooltip="Quad Check" />
    <Copy_TM icon="252" cmd="mcTransform.copyTM()" tooltip="Copy TM" />
    <Paste_TM icon="253" cmd="mcTransform.pasteTM()" tooltip="Paste TM" />
    <Detach_By_ID icon="202" cmd="mcAction.detachByID()" tooltip="Detach By ID" />
    <Distributor icon="160" cmd="mcFile.fileInVersion Object_Distributor" tooltip="Distributor" />
    <Duppilcate_Names icon="67" cmd="mcAction.objectNameDupplicate()" tooltip="Duppilcate Names" />
    <Duppilcate_Object icon="245" cmd="mcAction.dupplicateObject()" tooltip="Duppilcate Object" />
    <Group_Close icon="74" cmd="mcAction.groups #close" tooltip="Group Close" />
    <Group_Create icon="70" cmd="mcAction.groups #create" tooltip="Group Create" />
    <Group_Destroy icon="71" cmd="mcAction.groups #destroy" tooltip="Group Destroy" />
    <Group_Open icon="73" cmd="mcAction.groups #open" tooltip="Group Open" />
    <Lock_Object icon="88" cmd="mcAction.lockObjects true" tooltip="Lock Object" />
    <Mirror_2 icon="64" cmd="mcAction.mirror_2()" tooltip="Mirror 2" />
    <Move_To_Center icon="9" cmd="mcAction.object_move_to_center()" tooltip="Move To Center" />
    <Move_To_Ground icon="54" cmd="mcAction.moveObjectToGround()" tooltip="Move To Ground" />
    <Move_To_X icon="28" cmd="mcAction.object_move_to_grid()" tooltip="Move To X" />
    <Randomize icon="131" cmd="mcFile.fileInVersion Randomize" tooltip="Randomize" />
    <Random_Wirecolor icon="222" cmd="mcAction.randomWirecolor()" tooltip="Random Wirecolor" />
    <Reinstance icon="122" cmd="mcAction.reinstance()" tooltip="Instance - Reinstance" />
    <Rename icon="67" cmd="mcFile.fileInVersion Rename" tooltip="Rename" />
    <Repair_Object icon="76" cmd="mcFile.fileInVersion Repair_Object" tooltip="Repair Object" />
    <Reset_Transform icon="33" cmd="mcAction.reset_transform()" tooltip="Reset Transform" />
    <Space icon="256" cmd="mcFile.fileInVersion Space" tooltip="Fit Distance Between Objects" />
    <Spline_Magnet icon="224" cmd="mcFile.fileInVersion Spline_Magnet" tooltip="Spline Magnet" />
    <Swap_Two_Objects icon="244" cmd="mcAction.swapTwoObjects()" tooltip="Swap Two Objects" />
    <Triangle_Counter icon="85" cmd="mcAction.triCount()" tooltip="Triangle Counter" />
    <Transformer icon="197" cmd="mcFile.fileInVersion Transformer" tooltip="Transformer" />
    <Unlock_Object icon="89" cmd="mcAction.lockObjects false" tooltip="Unlock Object" />
    <UE_Model_Importer icon="227" cmd="mcFile.fileInVersion UE_Model_Importer" tooltip="UE Model Importer" />
    <Quad_Check icon="116" cmd="mcAction.quad_check()" tooltip="Quad Check" />
    <Create_Bounding_Box icon="16" cmd="mcAction.create_bounding_box()" tooltip="Create Bounding Box" />
    <ZB_Scale_To icon="250" cmd="mcAction.scale_to_zb()" tooltip="ZB_Scale_To" />
    <ZB_Scale_From icon="251" cmd="mcAction.scale_from_zb()" tooltip="ZB_Scale_From" />
    <Align_Objects_3D icon="270" cmd="mcFile.fileInVersion Align_Objects_3D" tooltip="Align Objects 3D" />
    <Offset_Rotate_Object icon="276" cmd="mcAction.OffsetRotateObject()" tooltip="Offset Rotate Object" />
    <FBX_Quick_Import_Export icon="277" cmd="mcFile.fileInVersion FBX_Quick_Import_Export" tooltip="FBX Quick Import Export" />
    <Move_To_Surface icon="280" cmd="mcAction.moveObjectToSurface()" tooltip="Move To Surface" />
    <Geometry_Projector_2D icon="11" cmd="mcFile.fileInVersion Geometry_Projector2D" tooltip="Geometry Projector 2D" />
  </Object>
  <Pivot>
    <Afect_Pivot_Only icon="51" cmd="mcAction.pivot_affect_only()" tooltip="Afect Pivot Only" />
    <Align_To_Edge icon="134" cmd="mcAction.pivot_align_to_edge()" tooltip="Pivot To Edge" />
    <Pick_Edge_Pivot icon="134" cmd="mcAction.pickEdgePivot()" tooltip="Pick Edge Pivot" />
    <Pivot_To_Center icon="10" cmd="mcAction.pivot_move_to_center()" tooltip="Pivot To Center" />
    <Pivot_To_X icon="12" cmd="mcAction.pivot_move_to_x()" tooltip="Pivot To X" />
    <Point_To_Selection icon="5" cmd="mcAction.pointToVertSelection()" tooltip="Point To Selection" />
    <Align_To_World icon="15" cmd="mcAction.pivot_align_limited()" tooltip="Align To World" />
    <Align_To_Base icon="55" cmd="mcAction.pivot_to_base()" tooltip="Align To Base" />
    <Pivot_To_Vertex icon="14" cmd="mcAction.pivot_move_to_vert()" tooltip="Pivot To Vertex" />
    <Pivot_Align_3P icon="5" cmd="mcAction.pivot_align_3p()" tooltip="Pivot Align 3P" />
    <Pivot_Planter icon="59" cmd="mcFile.fileInVersion Pivot_Planter" tooltip="Pivot Planter" />
    <Iron_Sight icon="77" cmd="mcAction.pivot_iron_sight()" tooltip="Iron Sight" />
    <Pivot_Planter_2 icon="59" cmd="mcFile.fileInVersion Pivot_Planter_Manip" tooltip="Pivot Planter 2" />
    <Pivot_To_Zero icon="264" cmd="mcAction.pivotToZero()" tooltip="Pivot To Zero" />
    <Align_To_Face icon="265" cmd="mcAction.alignPivotToSelectedFace()" tooltip="Align To Face" />
  </Pivot>
  <Select>
    <Advanced_Edge_Loop icon="1" cmd="mcFile.fileInVersion Advanced_Edge_Loop" tooltip="Advanced Edge Loop" />
    <Edges_Loop icon="34" cmd="mcAction.select_edges #loop" tooltip="Edges Loop" />
    <Edges_Ring icon="35" cmd="mcAction.select_edges #ring" tooltip="Edges Ring" />
    <Edges_Border icon="36" cmd="mcAction.select_edges #border" tooltip="Edges Border" />
    <Get_Verts icon="42" cmd="mcAction.convertSelectionTo #vertex" tooltip="Get Verts" />
    <Get_Edges icon="41" cmd="mcAction.convertSelectionTo #edge" tooltip="Get Edges" />
    <Get_Faces icon="40" cmd="mcAction.convertSelectionTo #face" tooltip="Get Faces" />
    <Fetch_Selection icon="119" cmd="mcAction.fetchSelection()" tooltip="Fetch Selection" />
    <Hold_Selection icon="118" cmd="mcAction.holdSelection()" tooltip="Hold Selection" />
    <Isolate_Face icon="31" cmd="mcFile.fileInVersion Isolate_Face" tooltip="Isolate Face" />
    <Quads_Loop icon="38" cmd="mcAction.select_quads #loop_ring" tooltip="Quads Loop" />
    <Paint_Selection icon="78" cmd="mcFile.fileInVersion Paint_Selection" tooltip="Paint Selection" />
    <Select_Oposite icon="95" cmd="mcAction.select_oposite()" tooltip="Select Oposite" />
    <Select_Verts_In_X icon="94" cmd="mcAction.select_verts #X" tooltip="Select Verts In X" />
    <Select_Half_Left icon="79" cmd="mcAction.selectHalf #left" tooltip="Select Half Left" />
    <Select_Half_Right icon="80" cmd="mcAction.selectHalf #right" tooltip="Select Half Right" />
    <Select_Objects_By_Material icon="127" cmd="mcAction.select_objects_by_material()" tooltip="Select Objects By Material" />
    <Select_Unsmoth_Faces icon="139" cmd="mcAction.selectUnsmoothFaces()" tooltip="Select Unsmoth Faces" />
    <Verts_Loop icon="37" cmd="mcAction.select_verts #loop" tooltip="Verts Loop" />
    <Select_Objects_By_Wirecolor icon="272" cmd="mcAction.selectObjectsByWirecolor()" tooltip="Select Objects By Wireframe Color" />
  </Select>
  <Modify>
    <Breake_To_Elements icon="128" cmd="mcAction.breake_to_elements()" tooltip="Breake To Elements" />
    <Bridge_Spline icon="199" cmd="mcFile.fileInVersion Bridge_Spline" tooltip="Bridge Spline" />
    <Cap_Holes icon="100" cmd="mcAction.capHoles()" tooltip="Cap Holes" />
    <Clean_Edges icon="96" cmd="mcAction.clean_edges()" tooltip="Clean Edges" />
    <Clean_Verts_in_Line icon="115" cmd="mcAction.clean_verts_in_line()" tooltip="Clean Verts in Line" />
    <Collapse_Objects icon="117" cmd="mcAction.collapse_objects()" tooltip="Collapse Objects" />
    <Edge_Loop_Optimalize icon="135" cmd="mcFile.fileInVersion Edge_Loop_Optimalize" tooltip="Edge Loop Optimalize" />
    <Edge_Scale_Align icon="113" cmd="mcFile.fileInVersion Edge_Scale_Align" tooltip="Edge Scale Align" />
    <Find_Double_Faces icon="114" cmd="mcAction.find_double_faces()" tooltip="Find Double Faces" />
    <Fuse_Edges icon="158" cmd="mcAction.fuseEdges()" tooltip="Fuse Edges" />
    <Fuse_Verts_In_Line icon="157" cmd="mcFile.fileInVersion Fuse_Vertices" tooltip="Fuse Verts In Line" />
    <Low_Polygon_Wizard icon="132" cmd="mcFile.fileInVersion Low_Polygon_Wizard" tooltip="Low Polygon Wizard" />
    <Mirror_Weld icon="112" cmd="mcAction.mirrorWeld()" tooltip="Mirror Weld" />
    <Move_Verts_To_X icon="29" cmd="mcAction.move_verts_to #X" tooltip="Move Verts To X" />
    <Move_Verts_To_Y icon="189" cmd="mcAction.move_verts_to #Y" tooltip="Move Verts To Y" />
    <Move_Verts_To_Z icon="190" cmd="mcAction.move_verts_to #Z" tooltip="Move Verts To Z" />
    <Nurms_Sub_Toggle icon="121" cmd="mcAction.nurms_sub_toggle()" tooltip="Nurms Sub Togle" />
    <Planar_X icon="97" cmd="mcAction.make_planar #X" tooltip="Planar X" />
    <Planar_Y icon="98" cmd="mcAction.make_planar #Y" tooltip="Planar Y" />
    <Planar_Z icon="99" cmd="mcAction.make_planar #Z" tooltip="Planar Z" />
    <Poly_Split_Ring icon="230" cmd="mcFile.fileInVersion External_PolySplitRing" tooltip="Poly Split Ring" />
    <Quadrangulate icon="195" cmd="mcFile.fileInVersion External_Quadrangulate" tooltip="Quadrangulate" />
    <Replace_Objects icon="188" cmd="mcAction.objectsReplace()" tooltip="Replace Objects" />
    <Smooth_Poly icon="110" cmd="mcAction.smoothPoly()" tooltip="Smooth Poly" />
    <Temp_UVWs_Pack icon="191" cmd="mcAction.tempUnwrapPack()" tooltip="Temp UVWs Pack" />
    <Temp_UVWs_UnPack icon="192" cmd="mcAction.tempUnwrapUnPack()" tooltip="Temp UVWs UnPack" />
    <Weld_And_Smooth icon="208" cmd="mcAction.weldAndAutoSmooth()" tooltip="Weld And Smooth" />
    <Weld_Verts icon="60" cmd="mcAction.weldVerts()" tooltip="Weld Verts" />
    <Vertex_Color icon="258" cmd="mcFile.fileInVersion Vertex_Color" tooltip="Vertex Color" />
    <Delete_Empty_Layers icon="269" cmd="mcMax.deleteEmptyLayers()" tooltip="Delete Empty Layers" />
    <Patcher icon="109" cmd="mcFile.fileInVersion Patcher" tooltip="Patcher" />
    <Patcher2P icon="271" cmd="mcFile.fileInVersion Patcher2P" tooltip="Patcher2P" />
    <Smooth_Hard icon="110" cmd="mcAction.smoothPolyHard()" tooltip="Smooth Hard" />
    <Replace_Material_ID icon="278" cmd="mcAction.replaceMaterialID()" tooltip="Replace Material ID" />
    <Slice_Plane_2 icon="285" cmd="mcFile.fileInVersion Slice_Plane2" tooltip="Slice Plane 2" />
  </Modify>
  <Creation>
    <Create_3PGrid icon="81" cmd="mcCreate.grid3p()" tooltip="Create_3PGrid" />
    <Create_Ambient_Lights icon="1" cmd="mcAction.create_ambient_lights()" tooltip="Create Ambient Lights" />
    <Box_Builder icon="16" cmd="mcFile.fileInVersion Box_Builder" tooltip="Box Builder" />
    <Create_PolygonGrid icon="274" cmd="mcCreate.gridFromPlygon()" tooltip="Create PolygonGrid" />
    <Geometry_Builder icon="139" cmd="mcFile.fileInVersion Geometry_Builder" tooltip="Geometry Builder" />
  </Creation>
  <Experimental>
    <Holder icon="118" cmd="mcHoldSelection()" tooltip="Holder Experimental" />
    <Isolate_Plus icon="31" cmd="mcFile.fileInVersion Isolate_Plus" tooltip="Isolate Plus" />
    <Clean_Empty_Pivots icon="90" cmd="mcAction.cleanEmptyGeometry()" tooltip="Clean Empty Pivots" />
    <Move_Towards icon="86" cmd="mcFile.fileInVersion Move_Towards" tooltip="Move Towards" />
    <UVW_Wizard_Tool icon="1" cmd="mcFile.fileInVersion UVW_Wizard_Tool" tooltip="UVW Wizard Tool" />
    <Skin_Tool icon="130" cmd="mcFile.fileInVersion Skin_Tool" tooltip="Skin Tool" />
    <Time_Break icon="200" cmd="mcFile.fileInVersion Time_Break" tooltip="Time Break" />
    <Winamp_Play_Stop icon="72" cmd="mcFile.fileInVersion Winamp_Controll" tooltip="Winamp Play Stop" />
    <Get_Object_Props icon="252" cmd="mcAction.getObjectProps()" tooltip="Get Object Props" />
    <Set_Object_Props icon="253" cmd="mcAction.setObjectProps()" tooltip="Set_Object_Props" />
  </Experimental>
  <Modifiers>
    <Bend icon="19" cmd="mcAction.addModToSel #Bend" tooltip="Bend" />
    <CameraMap icon="75" cmd="mcAction.addModToSel #CameraMap" tooltip="CameraMap" />
    <Conform icon="93" cmd="mcAction.addModToSel #Conform" tooltip="Conform" />
    <Extrude icon="18" cmd="mcAction.addModToSel #Extrude" tooltip="Extrude" />
    <Lathe icon="17" cmd="mcAction.addModToSel #Lathe" tooltip="Lathe" />
    <mbFracture icon="120" cmd="mcAction.addModToSel #mbFracture" tooltip="mbFracture" />
    <Melt icon="43" cmd="mcAction.addModToSel #Melt" tooltip="Melt" />
    <MeshSmooth icon="8" cmd="mcAction.addModToSel #MeshSmooth" tooltip="MeshSmooth" />
    <Mirror icon="64" cmd="mcAction.addModToSel #Mirror" tooltip="Mirror" />
    <Noise icon="21" cmd="mcAction.addModToSel #Noise" tooltip="Noise" />
    <Projection icon="65" cmd="mcAction.addModToSel #Projection" tooltip="Projection" />
    <Push icon="25" cmd="mcAction.addModToSel #Push" tooltip="Push" />
    <Relax icon="91" cmd="mcAction.addModToSel #Relax" tooltip="Relax" />
    <ResetXForm icon="16" cmd="mcAction.addModToSel #ResetXForm" tooltip="ResetXForm" />
    <Shell icon="44" cmd="mcAction.addModToSel #Shell" tooltip="Shell" />
    <Skew icon="23" cmd="mcAction.addModToSel #Skew" tooltip="Skew" />
    <Slice icon="11" cmd="mcAction.addModToSel #Slice" tooltip="Slice" />
    <Skin icon="130" cmd="mcAction.addModToSel #Skin" tooltip="Skin" />
    <STL_Check icon="56" cmd="mcAction.addModToSel #StlCheck" tooltip="STL Check" />
    <Stretch icon="24" cmd="mcAction.addModToSel #Stretch" tooltip="Stretch" />
    <Symmetry icon="6" cmd="mcAction.addModToSel #Symmetry" tooltip="Symmetry" />
    <Taper icon="20" cmd="mcAction.addModToSel #Taper" tooltip="Taper" />
    <Tessellate icon="26" cmd="mcAction.addModToSel #Tessellate" tooltip="Tessellate" />
    <Twist icon="22" cmd="mcAction.addModToSel #Twist" tooltip="Twist" />
    <Unwrap_UVW icon="46" cmd="mcAction.addModToSel #Unwrap_UVW" tooltip="Unwrap UVW" />
    <UvwMap icon="45" cmd="mcAction.addModToSel #UvwMap" tooltip="UvwMap" />
  </Modifiers>
  <Mapping>
    <Weld_Treshold_UVW icon="1" cmd="mcAction.setWeldTresholdUVW()" tooltip="Weld Treshold UVW" />
    <Unwrap_UVW_Plus icon="219" cmd="mcFile.fileInVersion Unwrap_UVW_Plus" tooltip="Unwrap UVW Plus" />
  </Mapping>
  <Menu>
    <Archive icon="87" cmd="mcFile.archiveScene()" tooltip="Pack Scene to Zip" />
    <ASCII_Multi_Exporter icon="228" cmd="mcFile.fileInVersion ASCII_Multi_Exporter" tooltip="ASCII Multi Exporter" />
    <ActorX_Multi_Exporter icon="229" cmd="mcFile.fileInVersion ActorX_Multi_Exporter" tooltip="ActorX Multi Exporter" />
    <ActorX_Batch_Exporter icon="229" cmd="mcFile.fileInVersion ActorX_Batch_Exporter" tooltip="ActorX Batch Exporter" />
    <Calculator icon="32" cmd="mcShell.openApp calc" tooltip="Calculator" />
    <Export icon="68" cmd="mcFile.exportObjects()" tooltip="Export Scene" />
    <Export_Selection icon="82" cmd="mcFile.exportSelectedObjects()" tooltip="Export selection" />
    <Fetch_Scene icon="48" cmd="mcAction.hold_fetch_scene #fetch" tooltip="Fetch Scene" />
    <Hold_Scene icon="47" cmd="mcAction.hold_fetch_scene #hold" tooltip="Hold_Scene )" />
    <Import icon="69" cmd="mcFile.importObjects()" tooltip="Import to Scene" />
    <Load_Custom_Ui_Scheme icon="180" cmd="mcInterface.loadCustomUiScheme()" tooltip="Load Custom Ui Scheme" />
    <Max_Reset icon="2" cmd="mcFile.resetMax()" tooltip="Max Reset --#noPrompt" />
    <Merge icon="52" cmd="mcAction.mergeMaxFileByPath()" tooltip="Merge Objects'" />
    <Reload icon="7" cmd="mcFile.reloadLastFile()" tooltip="Reload" />
    <Save_Selection icon="57" cmd="mcFile.saveSelectedObjects()" tooltip="Save Selection" />
    <Max_To_Blender icon="287" cmd="mcFile.fileInVersion Max_To_Blender" tooltip="Max To Blender" />
  </Menu>
  <Programming>
    <Draw_Line_Between_Meshes icon="196" cmd="mcAction.drawLineBetweenTwoMeshes()" tooltip="Draw Line Between Meshes" />
    <MaxScript_Color_Editor icon="222" cmd="mcFile.fileInVersion MaxScript_Color_Editor" tooltip="MaxScript Color Editor" />
    <Script_Editor icon="56" cmd="mcFile.fileInVersion Script_Manager" tooltip="Script Editor" />
    <Viewport_Recorder icon="172" cmd="mcFile.fileInVersion Viewport_Recorder" tooltip="Viewport Recorder" />
    <Icon_Maker icon="247" cmd="mcFile.fileInVersion Icon_Maker" tooltip="Icon Maker" />
    <Autosave_Switch icon="3" cmd="mcSystem.autosaveSwitch()" tooltip="Autosave Switch" />
    <Keyboard_Switch icon="257" cmd="mcSystem.keyboardSwitch()" tooltip="Keyboard Switch'" />
  </Programming>
  <Material>
    <Edit_Textures icon="136" cmd="mcSystem.editTexturesInPhotoshop()" tooltip="Edit Textures" />
    <Material_Color_Flatten icon="123" cmd="mcAction.materialsColorFlatten()" tooltip="Material Color Flatten" />
    <Reset_Mat_Editor icon="4" cmd="mcAction.reset_mat_editor()" tooltip="Reset Mat Editor" />
    <Remove_Materials icon="49" cmd="mcAction.removeMaterials()" tooltip="Remove Materials" />
    <Show_Materials icon="27" cmd="mcAction.show_materials()" tooltip="Show Materials" />
    <Show_Texture icon="124" cmd="mcAction.show_hide_texture true" tooltip="Show Texture" />
    <Hide_Texture icon="125" cmd="mcAction.show_hide_texture false" tooltip="Hide Texture" />
    <Image_To_Plane icon="53" cmd="mcAction.image_to_plane()" tooltip="Image To Plane" />
    <Color_To_Material icon="123" cmd="mcAction.color_to_material()" tooltip="Color To Material" />
    <Set_Obj_ID icon="167" cmd="mcFile.fileInVersion Set_Obj_ID" tooltip="Set Obj ID" />
    <Add_Checker icon="137" cmd="mcCreate.cereateChecker color1:(color 18 40 88) color2:(color 121 183 241)" tooltip="Add Checker" />
    <Add_DX_Material icon="152" cmd="mcCreate.createDXMaterial()" tooltip="Add DX Material" />
    <Render_To_Texture_Mod icon="140" cmd="mcFile.fileInVersion Render_To_Texture_Mod" tooltip="Render To Texture Mod" />
    <Send_UVW_To_Ps icon="151" cmd="mcFile.fileInVersion Send_UVW_To_Ps" tooltip="Send UVW To Ps" />
    <Silhouette icon="159" cmd="mcAction.silhouetteSwitch()" tooltip="Silhouette" />
    <Cube_Map_To_Away icon="246" cmd="mcAction.translateCubeMapToAway3D()" tooltip="Cube Map To Away" />
    <Quick_Materials icon="275" cmd="mcFile.fileInVersion LS3D_Quick_Materials" tooltip="Quick Materials" />
    <LS3D_Material_Manager icon="279" cmd="mcFile.fileInVersion LS3D_Material_Manager" tooltip="LS3D Material Manager" />
  </Material>
  <Helpers>
    <Lode_Tester icon="129" cmd="mcFile.fileInVersion Lode_Tester" tooltip="Lode Tester" />
    <Link_Plus icon="1" cmd="mcAction.link_plus()" tooltip="Link Plus" />
    <Get_SHGame_Version icon="183" cmd="mcSystem.getSHGameVersion()" tooltip="Get SHGame Version" />
    <LS3D_Model_Manager icon="254" cmd="mcFile.fileInVersion LS3D_Model_Manager" tooltip="LS3D Model Manager" />
    <Get_Edges_Length icon="262" cmd="mcAction.getEdgesLength()" tooltip="Get Edges Length" />
    <Live_Measure icon="30" cmd="mcFile.fileInVersion Live_Measure" tooltip="Live Measure" />
    <Live_Modeling icon="146" cmd="mcFile.fileInVersion Live_Modeling" tooltip="Live Modeling" />
    <Vertex_Snap icon="267" cmd="mcFile.fileInVersion Vertex_Snap" tooltip="Vertex Snap" />
    <Create_Point_At_Vertex icon="268" cmd="mcAction.createPointAtVertex()" tooltip="Create Point At Vertex" />
  </Helpers>
  <Animation>
    <Merge_Animation icon="130" cmd="mcFile.fileInVersion Merge_Animation" tooltip="Merge Animation" />
    <Controller_Convertor icon="130" cmd="mcFile.fileInVersion Controller_Convertor" tooltip="Controller Convertor" />
    <Reverse_Animation icon="106" cmd="mcAnimation.reverse 0 10" tooltip="Reverse Animation" />
    <Copy_Animation icon="193" cmd="mcAnimation.store()" tooltip="Copy Animation" />
    <Paste_Animation icon="194" cmd="mcAnimation.paste()" tooltip="Paste Animation" />
  </Animation>
  <Skinning>
    <Add_Weapon_Skin icon="130" cmd="mcSkin.wpnSetupSkin()" tooltip="Add Weapon Skin" />
  </Skinning>
  <TuKej>
    <Object_Inspector icon="259" cmd="mcFile.fileInVersion Object_Inspector" tooltip="Object Inspector" />
    <Smart_LS3D_Export icon="260" cmd="mcActionsTukej.smartLS3DExport()" tooltip="Smart LS3D Export" />
    <Vertex_Alpha_Blend icon="261" cmd="mcFile.fileInVersion Vertex_Alpha_Blend" tooltip="Vertex Alpha Blend" />
    <DirectX_LS3D_Switch icon="263" cmd="mcActionsTukej.directXLS3DSwitch()" tooltip="DirectX LS3D Switch" />
    <Normal_Map_Tester icon="61" cmd="mcActionsTukej.testNormalMapToggle()" tooltip="Normal Map Tester" />
    <Road_Generator_Tool icon="266" cmd="mcFile.fileInVersion Road_Generator_Tool" tooltip="Road Generator Tool" />
    <City_Manager icon="241" cmd="mcFile.fileInVersion City_Manager" tooltip="City Manager" />
    <Asset_Builder icon="273" cmd="mcFile.fileInVersion LS3D_Asset_Builder" tooltip="Asset Builder" />
    <Select_Player icon="286" cmd="mcActionsTukej.selectPlayer()" tooltip="Select Player" />
    <Road_Markings icon="288" cmd="mcFile.fileInVersion Road_Generator_Marking" tooltip="Road Markings" />
  </TuKej>
</ACTIONS>