<NotepadPlus>
    <Session activeView="0">
        <mainView activeIndex="17">
            <File firstVisibleLine="0" xOffset="0" scrollWidth="3816" startPos="213" endPos="220" selMode="0" lang="Normal Text" encoding="-1" userReadOnly="no" filename="D:\ReneBaca\3DsMax\Tasks.txt" backupFilePath="" originalFileLastModifTimestamp="-1581182797" originalFileLastModifTimestampHigh="30736565" mapFirstVisibleDisplayLine="-1" mapFirstVisibleDocLine="-1" mapLastVisibleDocLine="-1" mapNbLine="-1" mapHigherPos="-1" mapWidth="-1" mapHeight="-1" mapKByteInDoc="6619247" mapWrapIndentMode="-1" mapIsWrap="no" />
            <File firstVisibleLine="0" xOffset="0" scrollWidth="1323" startPos="0" endPos="0" selMode="0" lang="Normal Text" encoding="-1" userReadOnly="no" filename="D:\ReneBaca\3DsMax\Micra TODO.txt" backupFilePath="" originalFileLastModifTimestamp="-1376757165" originalFileLastModifTimestampHigh="30709434" mapFirstVisibleDisplayLine="-1" mapFirstVisibleDocLine="-1" mapLastVisibleDocLine="-1" mapNbLine="-1" mapHigherPos="-1" mapWidth="-1" mapHeight="-1" mapKByteInDoc="512" mapWrapIndentMode="-1" mapIsWrap="no" />
            <File firstVisibleLine="0" xOffset="0" scrollWidth="675" startPos="0" endPos="0" selMode="0" lang="Normal Text" encoding="-1" userReadOnly="no" filename="D:\ReneBaca\3DsMax\Paths.txt" backupFilePath="" originalFileLastModifTimestamp="-321166705" originalFileLastModifTimestampHigh="30707043" mapFirstVisibleDisplayLine="-1" mapFirstVisibleDocLine="-1" mapLastVisibleDocLine="-1" mapNbLine="-1" mapHigherPos="-1" mapWidth="-1" mapHeight="-1" mapKByteInDoc="85" mapWrapIndentMode="-1" mapIsWrap="no" />
            <File firstVisibleLine="27" xOffset="0" scrollWidth="864" startPos="10405" endPos="10405" selMode="0" lang="XML" encoding="-1" userReadOnly="no" filename="D:\ReneBaca\3DsMax\CrossRoadGenerator\coll_bourbon_table.xml" backupFilePath="" originalFileLastModifTimestamp="1722251272" originalFileLastModifTimestampHigh="30715307" mapFirstVisibleDisplayLine="-1" mapFirstVisibleDocLine="-1" mapLastVisibleDocLine="-1" mapNbLine="-1" mapHigherPos="-1" mapWidth="-1" mapHeight="-1" mapKByteInDoc="67111168" mapWrapIndentMode="-1" mapIsWrap="no" />
            <File firstVisibleLine="0" xOffset="0" scrollWidth="864" startPos="2720" endPos="2720" selMode="0" lang="XML" encoding="-1" userReadOnly="no" filename="D:\ReneBaca\3DsMax\coll_lh_table.xml" backupFilePath="" originalFileLastModifTimestamp="1262442522" originalFileLastModifTimestampHigh="30748687" mapFirstVisibleDisplayLine="-1" mapFirstVisibleDocLine="-1" mapLastVisibleDocLine="-1" mapNbLine="-1" mapHigherPos="-1" mapWidth="-1" mapHeight="-1" mapKByteInDoc="67111168" mapWrapIndentMode="-1" mapIsWrap="no" />
            <File firstVisibleLine="0" xOffset="0" scrollWidth="832" startPos="0" endPos="0" selMode="0" lang="XML" encoding="-1" userReadOnly="no" filename="D:\ReneBaca\3DsMax\CrossRoadGenerator\material_info.xml" backupFilePath="" originalFileLastModifTimestamp="-1840768510" originalFileLastModifTimestampHigh="30748686" mapFirstVisibleDisplayLine="-1" mapFirstVisibleDocLine="-1" mapLastVisibleDocLine="-1" mapNbLine="-1" mapHigherPos="-1" mapWidth="-1" mapHeight="-1" mapKByteInDoc="1140588544" mapWrapIndentMode="-1" mapIsWrap="no" />
            <File firstVisibleLine="15" xOffset="0" scrollWidth="1250" startPos="366" endPos="372" selMode="0" lang="MaxScript" encoding="-1" userReadOnly="no" filename="D:\ReneBaca\3DsMax\Micra\repo_sync\_NEW\Custom Shaders\scriptedMaterialTutorial.ms" backupFilePath="" originalFileLastModifTimestamp="1490289566" originalFileLastModifTimestampHigh="30723898" mapFirstVisibleDisplayLine="-1" mapFirstVisibleDocLine="-1" mapLastVisibleDocLine="-1" mapNbLine="-1" mapHigherPos="-1" mapWidth="-1" mapHeight="-1" mapKByteInDoc="538976288" mapWrapIndentMode="-1" mapIsWrap="no" />
            <File firstVisibleLine="123" xOffset="0" scrollWidth="1024" startPos="1507" endPos="1507" selMode="0" lang="C#" encoding="-1" userReadOnly="no" filename="D:\ReneBaca\3DsMax\Micra\repo_sync\_NEW\Custom Shaders\scriptedMaterialTutorial.fx" backupFilePath="" originalFileLastModifTimestamp="1555675596" originalFileLastModifTimestampHigh="30723898" mapFirstVisibleDisplayLine="-1" mapFirstVisibleDocLine="-1" mapLastVisibleDocLine="-1" mapNbLine="-1" mapHigherPos="-1" mapWidth="-1" mapHeight="-1" mapKByteInDoc="67111168" mapWrapIndentMode="-1" mapIsWrap="no" />
            <File firstVisibleLine="0" xOffset="0" scrollWidth="792" startPos="300" endPos="299" selMode="0" lang="MaxScript" encoding="-1" userReadOnly="no" filename="D:\ReneBaca\3DsMax\Micra\Micra4\CORE\mcMaterial.ms" backupFilePath="" originalFileLastModifTimestamp="-2070121904" originalFileLastModifTimestampHigh="30730561" mapFirstVisibleDisplayLine="-1" mapFirstVisibleDocLine="-1" mapLastVisibleDocLine="-1" mapNbLine="-1" mapHigherPos="-1" mapWidth="-1" mapHeight="-1" mapKByteInDoc="6357093" mapWrapIndentMode="-1" mapIsWrap="no" />
            <File firstVisibleLine="0" xOffset="0" scrollWidth="2024" startPos="705" endPos="705" selMode="0" lang="MaxScript" encoding="-1" userReadOnly="no" filename="D:\ReneBaca\3DsMax\Micra\repo_sync\_NEW\Mapping\maptheif.ms" backupFilePath="" originalFileLastModifTimestamp="1677687195" originalFileLastModifTimestampHigh="30733560" mapFirstVisibleDisplayLine="-1" mapFirstVisibleDocLine="-1" mapLastVisibleDocLine="-1" mapNbLine="-1" mapHigherPos="-1" mapWidth="-1" mapHeight="-1" mapKByteInDoc="67111168" mapWrapIndentMode="-1" mapIsWrap="no" />
            <File firstVisibleLine="1071" xOffset="0" scrollWidth="21906" startPos="0" endPos="0" selMode="0" lang="MaxScript" encoding="-1" userReadOnly="no" filename="D:\ReneBaca\3DsMax\Micra\repo_sync\_NEW\Controllers\PoseStore.Helper.v0.3.ms" backupFilePath="" originalFileLastModifTimestamp="-1272003584" originalFileLastModifTimestampHigh="30146403" mapFirstVisibleDisplayLine="-1" mapFirstVisibleDocLine="-1" mapLastVisibleDocLine="-1" mapNbLine="-1" mapHigherPos="-1" mapWidth="-1" mapHeight="-1" mapKByteInDoc="67111168" mapWrapIndentMode="-1" mapIsWrap="no" />
            <File firstVisibleLine="451" xOffset="0" scrollWidth="1290" startPos="0" endPos="0" selMode="0" lang="MaxScript" encoding="-1" userReadOnly="no" filename="D:\ReneBaca\3DsMax\Micra\repo_sync\_NEW\Road Tool\Road_Component_09_One way OK.ms" backupFilePath="" originalFileLastModifTimestamp="-1967290490" originalFileLastModifTimestampHigh="30743068" mapFirstVisibleDisplayLine="-1" mapFirstVisibleDocLine="-1" mapLastVisibleDocLine="-1" mapNbLine="-1" mapHigherPos="-1" mapWidth="-1" mapHeight="-1" mapKByteInDoc="67111168" mapWrapIndentMode="-1" mapIsWrap="no" />
            <File firstVisibleLine="15" xOffset="0" scrollWidth="1476" startPos="12106" endPos="12106" selMode="0" lang="MaxScript" encoding="1252" userReadOnly="no" filename="D:\ReneBaca\3DsMax\Micra\repo_sync\_NEW\Road Tool\Road_Component_16_CA.ms" backupFilePath="" originalFileLastModifTimestamp="-2073198864" originalFileLastModifTimestampHigh="30745812" mapFirstVisibleDisplayLine="-1" mapFirstVisibleDocLine="-1" mapLastVisibleDocLine="-1" mapNbLine="-1" mapHigherPos="-1" mapWidth="-1" mapHeight="-1" mapKByteInDoc="67111168" mapWrapIndentMode="-1" mapIsWrap="no" />
            <File firstVisibleLine="482" xOffset="0" scrollWidth="1282" startPos="0" endPos="0" selMode="0" lang="MaxScript" encoding="-1" userReadOnly="no" filename="D:\ReneBaca\3DsMax\Micra\repo_sync\_NEW\Road Tool\Road_Component_08.ms" backupFilePath="" originalFileLastModifTimestamp="545895860" originalFileLastModifTimestampHigh="30742201" mapFirstVisibleDisplayLine="-1" mapFirstVisibleDocLine="-1" mapLastVisibleDocLine="-1" mapNbLine="-1" mapHigherPos="-1" mapWidth="-1" mapHeight="-1" mapKByteInDoc="1141112832" mapWrapIndentMode="-1" mapIsWrap="no" />
            <File firstVisibleLine="478" xOffset="0" scrollWidth="1282" startPos="0" endPos="0" selMode="0" lang="MaxScript" encoding="-1" userReadOnly="no" filename="D:\ReneBaca\3DsMax\Micra\repo_sync\_NEW\Road Tool\Road_Component_07.ms" backupFilePath="" originalFileLastModifTimestamp="-1873500054" originalFileLastModifTimestampHigh="30742193" mapFirstVisibleDisplayLine="-1" mapFirstVisibleDocLine="-1" mapLastVisibleDocLine="-1" mapNbLine="-1" mapHigherPos="-1" mapWidth="-1" mapHeight="-1" mapKByteInDoc="1141112832" mapWrapIndentMode="-1" mapIsWrap="no" />
            <File firstVisibleLine="0" xOffset="0" scrollWidth="1000" startPos="0" endPos="0" selMode="0" lang="MaxScript" encoding="-1" userReadOnly="no" filename="D:\ReneBaca\3DsMax\Micra\repo_sync\_NEW\Road Tool\Road_Component_06.ms" backupFilePath="" originalFileLastModifTimestamp="2143698348" originalFileLastModifTimestampHigh="30741633" mapFirstVisibleDisplayLine="-1" mapFirstVisibleDocLine="-1" mapLastVisibleDocLine="-1" mapNbLine="-1" mapHigherPos="-1" mapWidth="-1" mapHeight="-1" mapKByteInDoc="1141112832" mapWrapIndentMode="-1" mapIsWrap="no" />
            <File firstVisibleLine="281" xOffset="0" scrollWidth="1215" startPos="10681" endPos="10681" selMode="1" lang="MaxScript" encoding="-1" userReadOnly="no" filename="D:\ReneBaca\3DsMax\Micra\repo_sync\_NEW\Road Tool\Road_Component_12_OK.ms" backupFilePath="" originalFileLastModifTimestamp="-191821246" originalFileLastModifTimestampHigh="30743229" mapFirstVisibleDisplayLine="-1" mapFirstVisibleDocLine="-1" mapLastVisibleDocLine="-1" mapNbLine="-1" mapHigherPos="-1" mapWidth="-1" mapHeight="-1" mapKByteInDoc="1141686272" mapWrapIndentMode="-1" mapIsWrap="no" />
            <File firstVisibleLine="34" xOffset="0" scrollWidth="711" startPos="1720" endPos="1720" selMode="0" lang="MaxScript" encoding="-1" userReadOnly="no" filename="D:\ReneBaca\3DsMax\Micra\Micra4\_New\temp.ms" backupFilePath="" originalFileLastModifTimestamp="-1583257520" originalFileLastModifTimestampHigh="30736802" mapFirstVisibleDisplayLine="-1" mapFirstVisibleDocLine="-1" mapLastVisibleDocLine="-1" mapNbLine="-1" mapHigherPos="-1" mapWidth="-1" mapHeight="-1" mapKByteInDoc="7536756" mapWrapIndentMode="-1" mapIsWrap="no" />
            <File firstVisibleLine="37" xOffset="0" scrollWidth="858" startPos="0" endPos="0" selMode="0" lang="MaxScript" encoding="-1" userReadOnly="no" filename="D:\ReneBaca\3DsMax\Micra\Micra4\CORE\mcTransform.ms" backupFilePath="" originalFileLastModifTimestamp="-560076030" originalFileLastModifTimestampHigh="30721285" mapFirstVisibleDisplayLine="-1" mapFirstVisibleDocLine="-1" mapLastVisibleDocLine="-1" mapNbLine="-1" mapHigherPos="-1" mapWidth="-1" mapHeight="-1" mapKByteInDoc="1141112832" mapWrapIndentMode="-1" mapIsWrap="no" />
            <File firstVisibleLine="215" xOffset="0" scrollWidth="1055" startPos="7761" endPos="7761" selMode="0" lang="MaxScript" encoding="-1" userReadOnly="no" filename="D:\ReneBaca\3DsMax\Micra\Micra4\CORE\mcPoly.ms" backupFilePath="" originalFileLastModifTimestamp="1894678853" originalFileLastModifTimestampHigh="30747289" mapFirstVisibleDisplayLine="-1" mapFirstVisibleDocLine="-1" mapLastVisibleDocLine="-1" mapNbLine="-1" mapHigherPos="-1" mapWidth="-1" mapHeight="-1" mapKByteInDoc="1141112832" mapWrapIndentMode="-1" mapIsWrap="no" />
            <File firstVisibleLine="147" xOffset="0" scrollWidth="1370" startPos="5380" endPos="5607" selMode="0" lang="MaxScript" encoding="-1" userReadOnly="no" filename="D:\ReneBaca\3DsMax\Micra\Micra4\Vertex_Snap_v0.02.ms" backupFilePath="" originalFileLastModifTimestamp="-1796531612" originalFileLastModifTimestampHigh="30747420" mapFirstVisibleDisplayLine="-1" mapFirstVisibleDocLine="-1" mapLastVisibleDocLine="-1" mapNbLine="-1" mapHigherPos="-1" mapWidth="-1" mapHeight="-1" mapKByteInDoc="67111168" mapWrapIndentMode="-1" mapIsWrap="no" />
            <File firstVisibleLine="2897" xOffset="0" scrollWidth="4145" startPos="101829" endPos="101829" selMode="0" lang="MaxScript" encoding="-1" userReadOnly="no" filename="D:\ReneBaca\3DsMax\Micra\Micra4\Road_Generator_Tool_v1.12.ms" backupFilePath="" originalFileLastModifTimestamp="-1984907424" originalFileLastModifTimestampHigh="30749045" mapFirstVisibleDisplayLine="-1" mapFirstVisibleDocLine="-1" mapLastVisibleDocLine="-1" mapNbLine="-1" mapHigherPos="-1" mapWidth="-1" mapHeight="-1" mapKByteInDoc="67111168" mapWrapIndentMode="-1" mapIsWrap="no">
                <Mark line="71" />
                <Mark line="1022" />
                <Mark line="1169" />
                <Mark line="1500" />
                <Mark line="1713" />
                <Mark line="1714" />
                <Mark line="1715" />
                <Mark line="2679" />
                <Mark line="2739" />
            </File>
            <File firstVisibleLine="223" xOffset="0" scrollWidth="1282" startPos="0" endPos="0" selMode="0" lang="MaxScript" encoding="-1" userReadOnly="no" filename="D:\ReneBaca\3DsMax\Micra\repo_sync\_NEW\Road Tool\Road_Component_06_ok.ms" backupFilePath="" originalFileLastModifTimestamp="-888167817" originalFileLastModifTimestampHigh="30741633" mapFirstVisibleDisplayLine="-1" mapFirstVisibleDocLine="-1" mapLastVisibleDocLine="-1" mapNbLine="-1" mapHigherPos="-1" mapWidth="-1" mapHeight="-1" mapKByteInDoc="1141112832" mapWrapIndentMode="-1" mapIsWrap="no" />
            <File firstVisibleLine="0" xOffset="0" scrollWidth="866" startPos="0" endPos="0" selMode="0" lang="MaxScript" encoding="-1" userReadOnly="no" filename="D:\ReneBaca\3DsMax\Micra\Micra4\Viewport_Recorder_v0.06.ms" backupFilePath="" originalFileLastModifTimestamp="-559133986" originalFileLastModifTimestampHigh="30721285" mapFirstVisibleDisplayLine="-1" mapFirstVisibleDocLine="-1" mapLastVisibleDocLine="-1" mapNbLine="-1" mapHigherPos="-1" mapWidth="-1" mapHeight="-1" mapKByteInDoc="1141506048" mapWrapIndentMode="-1" mapIsWrap="no" />
            <File firstVisibleLine="0" xOffset="0" scrollWidth="1098" startPos="24" endPos="24" selMode="0" lang="MaxScript" encoding="-1" userReadOnly="no" filename="D:\ReneBaca\3DsMax\Micra\Micra4\Patcher2P_v0.05.ms" backupFilePath="" originalFileLastModifTimestamp="1479791528" originalFileLastModifTimestampHigh="30750513" mapFirstVisibleDisplayLine="-1" mapFirstVisibleDocLine="-1" mapLastVisibleDocLine="-1" mapNbLine="-1" mapHigherPos="-1" mapWidth="-1" mapHeight="-1" mapKByteInDoc="67586" mapWrapIndentMode="-1" mapIsWrap="no">
                <Mark line="208" />
            </File>
            <File firstVisibleLine="202" xOffset="0" scrollWidth="1120" startPos="10404" endPos="10416" selMode="0" lang="MaxScript" encoding="-1" userReadOnly="no" filename="D:\ReneBaca\3DsMax\Micra\Micra4\Road_Generator_Custom.ms" backupFilePath="" originalFileLastModifTimestamp="1739260018" originalFileLastModifTimestampHigh="30750080" mapFirstVisibleDisplayLine="-1" mapFirstVisibleDocLine="-1" mapLastVisibleDocLine="-1" mapNbLine="-1" mapHigherPos="-1" mapWidth="-1" mapHeight="-1" mapKByteInDoc="67111168" mapWrapIndentMode="-1" mapIsWrap="no" />
            <File firstVisibleLine="43" xOffset="0" scrollWidth="1347" startPos="7695" endPos="7695" selMode="0" lang="MaxScript" encoding="-1" userReadOnly="no" filename="D:\ReneBaca\3DsMax\Micra\Micra4\City_Manager_v1.07.ms" backupFilePath="" originalFileLastModifTimestamp="-114547016" originalFileLastModifTimestampHigh="30754466" mapFirstVisibleDisplayLine="-1" mapFirstVisibleDocLine="-1" mapLastVisibleDocLine="-1" mapNbLine="-1" mapHigherPos="-1" mapWidth="-1" mapHeight="-1" mapKByteInDoc="-285211648" mapWrapIndentMode="-1" mapIsWrap="no" />
            <File firstVisibleLine="24" xOffset="0" scrollWidth="1042" startPos="1386" endPos="1386" selMode="0" lang="MaxScript" encoding="-1" userReadOnly="no" filename="D:\ReneBaca\3DsMax\Micra\Micra4\Road_Generator_Collisions.ms" backupFilePath="" originalFileLastModifTimestamp="-268248824" originalFileLastModifTimestampHigh="30752307" mapFirstVisibleDisplayLine="-1" mapFirstVisibleDocLine="-1" mapLastVisibleDocLine="-1" mapNbLine="-1" mapHigherPos="-1" mapWidth="-1" mapHeight="-1" mapKByteInDoc="207938" mapWrapIndentMode="-1" mapIsWrap="no">
                <Mark line="12" />
            </File>
            <File firstVisibleLine="78" xOffset="0" scrollWidth="1008" startPos="4306" endPos="3120" selMode="0" lang="C#" encoding="-1" userReadOnly="no" filename="D:\ReneBaca\3DsMax\Micra\Micra4\_New\sticky windows.cs" backupFilePath="" originalFileLastModifTimestamp="1980130138" originalFileLastModifTimestampHigh="30750473" mapFirstVisibleDisplayLine="-1" mapFirstVisibleDocLine="-1" mapLastVisibleDocLine="-1" mapNbLine="-1" mapHigherPos="-1" mapWidth="-1" mapHeight="-1" mapKByteInDoc="1141768192" mapWrapIndentMode="-1" mapIsWrap="no" />
            <File firstVisibleLine="118" xOffset="0" scrollWidth="1474" startPos="4312" endPos="4312" selMode="0" lang="MaxScript" encoding="-1" userReadOnly="no" filename="D:\ReneBaca\3DsMax\Micra\Micra4\CORE\mcDialog.ms" backupFilePath="" originalFileLastModifTimestamp="2088295204" originalFileLastModifTimestampHigh="30750509" mapFirstVisibleDisplayLine="-1" mapFirstVisibleDocLine="-1" mapLastVisibleDocLine="-1" mapNbLine="-1" mapHigherPos="-1" mapWidth="-1" mapHeight="-1" mapKByteInDoc="1140588544" mapWrapIndentMode="-1" mapIsWrap="no" />
            <File firstVisibleLine="0" xOffset="0" scrollWidth="1122" startPos="1982" endPos="1982" selMode="0" lang="MaxScript" encoding="-1" userReadOnly="no" filename="D:\ReneBaca\3DsMax\Micra\Micra4\Dialog_Template_v0.05.ms" backupFilePath="" originalFileLastModifTimestamp="-368101623" originalFileLastModifTimestampHigh="30750498" mapFirstVisibleDisplayLine="-1" mapFirstVisibleDocLine="-1" mapLastVisibleDocLine="-1" mapNbLine="-1" mapHigherPos="-1" mapWidth="-1" mapHeight="-1" mapKByteInDoc="67111168" mapWrapIndentMode="-1" mapIsWrap="no" />
            <File firstVisibleLine="126" xOffset="0" scrollWidth="850" startPos="3254" endPos="3254" selMode="0" lang="MaxScript" encoding="-1" userReadOnly="no" filename="D:\ReneBaca\3DsMax\Micra\Micra4\CORE\mcObjects.ms" backupFilePath="" originalFileLastModifTimestamp="-1840280408" originalFileLastModifTimestampHigh="30750502" mapFirstVisibleDisplayLine="-1" mapFirstVisibleDocLine="-1" mapLastVisibleDocLine="-1" mapNbLine="-1" mapHigherPos="-1" mapWidth="-1" mapHeight="-1" mapKByteInDoc="67111168" mapWrapIndentMode="-1" mapIsWrap="no" />
            <File firstVisibleLine="0" xOffset="0" scrollWidth="655" startPos="774" endPos="774" selMode="0" lang="MaxScript" encoding="-1" userReadOnly="no" filename="D:\ReneBaca\3DsMax\Micra\repo_sync\_NEW\move_objects_with_keyboard_crea3d_3.ms" backupFilePath="" originalFileLastModifTimestamp="-71551375" originalFileLastModifTimestampHigh="30706392" mapFirstVisibleDisplayLine="-1" mapFirstVisibleDocLine="-1" mapLastVisibleDocLine="-1" mapNbLine="-1" mapHigherPos="-1" mapWidth="-1" mapHeight="-1" mapKByteInDoc="132964" mapWrapIndentMode="-1" mapIsWrap="no" />
            <File firstVisibleLine="306" xOffset="0" scrollWidth="1461" startPos="9884" endPos="9922" selMode="0" lang="MaxScript" encoding="-1" userReadOnly="no" filename="C:\Program Files\Autodesk\3ds Max 2018\scripts\LS3DUtils\LS3D_CleanFiles.ms" backupFilePath="" originalFileLastModifTimestamp="-73806720" originalFileLastModifTimestampHigh="30691694" mapFirstVisibleDisplayLine="-1" mapFirstVisibleDocLine="-1" mapLastVisibleDocLine="-1" mapNbLine="-1" mapHigherPos="-1" mapWidth="-1" mapHeight="-1" mapKByteInDoc="1150025728" mapWrapIndentMode="-1" mapIsWrap="no" />
            <File firstVisibleLine="0" xOffset="0" scrollWidth="293" startPos="78" endPos="78" selMode="0" lang="MaxScript" encoding="-1" userReadOnly="no" filename="D:\ReneBaca\3DsMax\Micra\Micra4\_New\external_max_save_as.ms" backupFilePath="" originalFileLastModifTimestamp="-794582399" originalFileLastModifTimestampHigh="30750042" mapFirstVisibleDisplayLine="-1" mapFirstVisibleDocLine="-1" mapLastVisibleDocLine="-1" mapNbLine="-1" mapHigherPos="-1" mapWidth="-1" mapHeight="-1" mapKByteInDoc="1139998720" mapWrapIndentMode="-1" mapIsWrap="no" />
            <File firstVisibleLine="117" xOffset="0" scrollWidth="936" startPos="5976" endPos="5976" selMode="0" lang="XML" encoding="-1" userReadOnly="no" filename="C:\Program Files\Autodesk\3ds Max 2018\3dsmax.exe.config" backupFilePath="" originalFileLastModifTimestamp="1431464995" originalFileLastModifTimestampHigh="30754276" mapFirstVisibleDisplayLine="-1" mapFirstVisibleDocLine="-1" mapLastVisibleDocLine="-1" mapNbLine="-1" mapHigherPos="-1" mapWidth="-1" mapHeight="-1" mapKByteInDoc="67111168" mapWrapIndentMode="-1" mapIsWrap="no" />
            <File firstVisibleLine="570" xOffset="0" scrollWidth="2549" startPos="28851" endPos="28851" selMode="0" lang="MaxScript" encoding="-1" userReadOnly="no" filename="C:\Program Files\Autodesk\3ds Max 2018\scripts\ls3dutils\ls3d_outsourcingtools.ms" backupFilePath="" originalFileLastModifTimestamp="-73806720" originalFileLastModifTimestampHigh="30691694" mapFirstVisibleDisplayLine="-1" mapFirstVisibleDocLine="-1" mapLastVisibleDocLine="-1" mapNbLine="-1" mapHigherPos="-1" mapWidth="-1" mapHeight="-1" mapKByteInDoc="1139900416" mapWrapIndentMode="-1" mapIsWrap="no">
                <Mark line="49" />
                <Mark line="193" />
                <Mark line="587" />
                <Mark line="610" />
                <Mark line="627" />
                <Mark line="646" />
                <Mark line="697" />
            </File>
            <File firstVisibleLine="240" xOffset="0" scrollWidth="5090" startPos="12389" endPos="12389" selMode="0" lang="MaxScript" encoding="-1" userReadOnly="no" filename="D:\!2k_games\scotch_dev\resources\utilities\3dsmax\dxshaders\shader_update_script.ms" backupFilePath="" originalFileLastModifTimestamp="1235857476" originalFileLastModifTimestampHigh="30758932" mapFirstVisibleDisplayLine="-1" mapFirstVisibleDocLine="-1" mapLastVisibleDocLine="-1" mapNbLine="-1" mapHigherPos="-1" mapWidth="-1" mapHeight="-1" mapKByteInDoc="68098" mapWrapIndentMode="-1" mapIsWrap="no" />
            <File firstVisibleLine="0" xOffset="0" scrollWidth="672" startPos="157" endPos="179" selMode="0" lang="XML" encoding="-1" userReadOnly="no" filename="d:\!2k_games\scotch_dev\resources\utilities\3dsmax\asset_management\materials\template_general.xml" backupFilePath="" originalFileLastModifTimestamp="1104979898" originalFileLastModifTimestampHigh="30696754" mapFirstVisibleDisplayLine="-1" mapFirstVisibleDocLine="-1" mapLastVisibleDocLine="-1" mapNbLine="-1" mapHigherPos="-1" mapWidth="-1" mapHeight="-1" mapKByteInDoc="0" mapWrapIndentMode="-1" mapIsWrap="no" />
            <File firstVisibleLine="158" xOffset="0" scrollWidth="1336" startPos="3266" endPos="3278" selMode="0" lang="C#" encoding="-1" userReadOnly="no" filename="d:\!2k_games\scotch_dev\resources\utilities\3dsmax\dxshaders\whiskey_general.fx" backupFilePath="" originalFileLastModifTimestamp="1203252182" originalFileLastModifTimestampHigh="30696754" mapFirstVisibleDisplayLine="-1" mapFirstVisibleDocLine="-1" mapLastVisibleDocLine="-1" mapNbLine="-1" mapHigherPos="-1" mapWidth="-1" mapHeight="-1" mapKByteInDoc="67111168" mapWrapIndentMode="-1" mapIsWrap="no" />
            <File firstVisibleLine="432" xOffset="0" scrollWidth="1650" startPos="19250" endPos="19266" selMode="0" lang="MaxScript" encoding="-1" userReadOnly="no" filename="D:\ReneBaca\3DsMax\Micra\Micra4\_New\AssetBulider\AssetBulider_v0.06.ms" backupFilePath="" originalFileLastModifTimestamp="-1971941267" originalFileLastModifTimestampHigh="30758729" mapFirstVisibleDisplayLine="-1" mapFirstVisibleDocLine="-1" mapLastVisibleDocLine="-1" mapNbLine="-1" mapHigherPos="-1" mapWidth="-1" mapHeight="-1" mapKByteInDoc="6619247" mapWrapIndentMode="-1" mapIsWrap="no">
                <Mark line="175" />
                <Mark line="458" />
            </File>
            <File firstVisibleLine="0" xOffset="0" scrollWidth="1908" startPos="1396" endPos="1407" selMode="0" lang="MaxScript" encoding="-1" userReadOnly="no" filename="D:\ReneBaca\3DsMax\Micra\Micra4\_New\AssetBulider\AssetBulider_MAT_Manager.ms" backupFilePath="" originalFileLastModifTimestamp="167743635" originalFileLastModifTimestampHigh="30758730" mapFirstVisibleDisplayLine="-1" mapFirstVisibleDocLine="-1" mapLastVisibleDocLine="-1" mapNbLine="-1" mapHigherPos="-1" mapWidth="-1" mapHeight="-1" mapKByteInDoc="67111168" mapWrapIndentMode="-1" mapIsWrap="no">
                <Mark line="134" />
            </File>
            <File firstVisibleLine="33" xOffset="0" scrollWidth="1300" startPos="1120" endPos="1065" selMode="0" lang="MaxScript" encoding="-1" userReadOnly="no" filename="D:\ReneBaca\3DsMax\Micra\Micra4\_New\AssetBulider\Progressbar_With_Log.ms" backupFilePath="" originalFileLastModifTimestamp="697480794" originalFileLastModifTimestampHigh="30758532" mapFirstVisibleDisplayLine="-1" mapFirstVisibleDocLine="-1" mapLastVisibleDocLine="-1" mapNbLine="-1" mapHigherPos="-1" mapWidth="-1" mapHeight="-1" mapKByteInDoc="67111168" mapWrapIndentMode="-1" mapIsWrap="no" />
            <File firstVisibleLine="0" xOffset="0" scrollWidth="1058" startPos="1689" endPos="1689" selMode="0" lang="MaxScript" encoding="-1" userReadOnly="no" filename="D:\ReneBaca\3DsMax\Micra\Micra4\_New\AssetBulider\AssetBulider_PSD_Manager.ms" backupFilePath="" originalFileLastModifTimestamp="1502666920" originalFileLastModifTimestampHigh="30757958" mapFirstVisibleDisplayLine="-1" mapFirstVisibleDocLine="-1" mapLastVisibleDocLine="-1" mapNbLine="-1" mapHigherPos="-1" mapWidth="-1" mapHeight="-1" mapKByteInDoc="1139802112" mapWrapIndentMode="-1" mapIsWrap="no" />
            <File firstVisibleLine="39" xOffset="0" scrollWidth="861" startPos="2407" endPos="2407" selMode="0" lang="MaxScript" encoding="-1" userReadOnly="no" filename="D:\ReneBaca\3DsMax\Micra\Micra4\_New\AssetBulider\AssetBulider_P4V_Manager.ms" backupFilePath="" originalFileLastModifTimestamp="5680902" originalFileLastModifTimestampHigh="30757127" mapFirstVisibleDisplayLine="-1" mapFirstVisibleDocLine="-1" mapLastVisibleDocLine="-1" mapNbLine="-1" mapHigherPos="-1" mapWidth="-1" mapHeight="-1" mapKByteInDoc="67766" mapWrapIndentMode="-1" mapIsWrap="no" />
            <File firstVisibleLine="12" xOffset="0" scrollWidth="896" startPos="846" endPos="846" selMode="0" lang="INI file" encoding="-1" userReadOnly="no" filename="D:\ReneBaca\3DsMax\Micra\Micra4\_New\AssetBulider\LS3D_Asset_Generator.ini" backupFilePath="" originalFileLastModifTimestamp="-1112252496" originalFileLastModifTimestampHigh="30758913" mapFirstVisibleDisplayLine="-1" mapFirstVisibleDocLine="-1" mapLastVisibleDocLine="-1" mapNbLine="-1" mapHigherPos="-1" mapWidth="-1" mapHeight="-1" mapKByteInDoc="67714" mapWrapIndentMode="-1" mapIsWrap="no" />
            <File firstVisibleLine="111" xOffset="0" scrollWidth="2268" startPos="4713" endPos="4713" selMode="0" lang="XML" encoding="-1" userReadOnly="no" filename="d:\!2k_games\scotch_dev\resources\utilities\3dsmax\asset_management\materials\template_general_roughness.xml" backupFilePath="" originalFileLastModifTimestamp="-291661111" originalFileLastModifTimestampHigh="30758718" mapFirstVisibleDisplayLine="-1" mapFirstVisibleDocLine="-1" mapLastVisibleDocLine="-1" mapNbLine="-1" mapHigherPos="-1" mapWidth="-1" mapHeight="-1" mapKByteInDoc="237183216" mapWrapIndentMode="-1" mapIsWrap="no" />
        </mainView>
        <subView activeIndex="0" />
    </Session>
</NotepadPlus>
