<?xml version="1.0" encoding="utf-8"?>
<SETTINGS>  <!--not used yet-->
 	<Constants>
		<c_components_path val="D:\\!2K_Games\\scotch_dev\\resources\\graphics\\_data_\\3dsmax\\terrain_generator_components.max" />
		<fill_material_id val="7" info="material used for generic geometry" />
	</Constants>
	<Materials>
		<item standard="2" semantic="65" info="rails" />
		<item standard="3" semantic="52" info="cobblestone" />
		<item standard="4" semantic="56" info="crub" />
		<item standard="5" semantic="50" info="road" />
		<item standard="6" semantic="50" info="road side" />
		<item standard="7" semantic="50" info="road tile" />
		<item standard="8" semantic="53" info="pavement" />
		<item standard="9" semantic="53" info="concrete blocks" />
		<item standard="15" semantic="53" info="pavement" />
		<item standard="16" semantic="53" info="pavement" />
		<item standard="17" semantic="53" info="pavement" />
		<item standard="22" semantic="53" info="pavement" />
		<item standard="23" semantic="50" info="damaged road (shortcuts)" />
		<item standard="24" semantic="50" info="asfalt road / usable for parking spots" />	  	 
		<item standard="26" semantic="53" info="salieris backyard ground" />	
	</Materials>
	<Layers>
		<prefabs val= "---noexport---terrain_generator_modules" />
		<helpers val= "---noexport---terrain_generator_helpers" />
	</Layers>
	<Scripts>
		<item val="Road_Generator_Anatomy" />
		<item val="Road_Generator_Collisions" />
		<item val="Road_Generator_Colors" />
		<item val="Road_Generator_Struct" />
		<item val="Road_Generator_Tool" />
	</Scripts>
	<Prefabs>
		<item val="generator_road_1_6" />
		<item val="generator_road_2_2_rail" />
		<item val="generator_road_2_4" />
		<item val="generator_road_2_4_spec" />
		<item val="generator_road_2_4_rail" />
		<item val="generator_road_2_5" />
		<item val="generator_road_2_5_spec" />
		<item val="generator_road_2_6" />
		<item val="generator_road_2_6_spec" />
		<item val="generator_road_4_4" />
		<item val="generator_road_4_5" />
		<item val="generator_road_4_5_spec" />
		<item val="generator_road_4_6" />
		<item val="generator_road_4_6_spec" />
		<item val="generator_sidewalk_left" />
		<item val="generator_sidewalk_right" />
		<item val="generator_corner" />
		<item val="generator_corner_p" />
		<item val="generator_parking_lane_left" />
		<item val="generator_parking_lane_right" />
	</Prefabs>
 </SETTINGS>